number,state,value_0,value_1,param_lr_gen,param_lr_disc,param_beta1,param_beta2,param_n_epochs,param_loss_generator,param_loss_discriminator
0,COMPLETE,2.1712851524353027,43.215946197509766,0.00012992054099248142,0.0002762658121455357,0.5228168518107164,0.9914038544431122,24,mse,bce
1,COMPLETE,2.3099255561828613,30.19916343688965,0.00011363971295085811,0.0003730824170695747,0.5168438568403171,0.9919805681716289,38,mse,bce
2,COMPLETE,2.417612314224243,41.76036071777344,0.00040261595972784054,0.00022808494713951854,0.4503956123137506,0.9930923012617255,62,mse,mse
3,COMPLETE,2.443772077560425,47.35957717895508,0.00017794415178607137,0.00012916055664623604,0.484660097190693,0.9982341678305683,51,mse,bce
4,COMPLETE,2.2467803955078125,60.042213439941406,0.00037643866586043736,0.00011776204010828315,0.5336378720876953,0.9907193952303666,77,mse,mse
