number,state,value_0,value_1,param_lr_gen,param_lr_disc,param_beta1,param_beta2,param_n_epochs,param_loss_generator,param_loss_discriminator
0,COMPLETE,2.1685028076171875,10.819284439086914,0.0004702611906110375,0.00045248451039391546,0.45285586065383027,0.9915797381263328,73,mse,mse
1,COMPLETE,2.1535980701446533,10.577963829040527,0.00020314012832625678,0.0003760942578660808,0.5151412994059389,0.9955438424492146,86,mse,mse
2,COMPLETE,2.190204381942749,9.994718551635742,0.00020666528554235381,0.00035283970872436134,0.5214805422468151,0.9940566352171171,36,mse,bce
3,COMPLETE,2.1376359462738037,12.68693733215332,0.00018521787371223537,0.00030306117316589523,0.5101728618172083,0.9958520252948075,99,mse,mse
4,COMPLETE,2.1580758094787598,11.332025527954102,0.00013977024640780011,0.00038841442222887926,0.5029110005191223,0.9978976334266437,42,mse,bce
