number,state,value_0,value_1,param_lr_gen,param_lr_disc,param_beta1,param_beta2,param_n_epochs,param_loss_generator,param_loss_discriminator,value
0,COMPLETE,2.3843727111816406,80.9874267578125,0.00018410151221276023,0.0003237246277945519,0.5457311361397543,0.9938966209610992,32,mse,mse,
1,COMPLETE,2.509047746658325,44.50113296508789,0.00010135385868441105,0.00022704248434126417,0.45802951308085543,0.9920207259982148,38,mse,mse,
2,RUNNING,,,0.00010638742976996816,0.0001289600183219154,0.5334393673878814,0.9974277709399848,99,mse,mse,
3,COMPLETE,2.5525472164154053,50.810997009277344,0.00026300532641330786,0.00018521484514864422,0.46338055895064506,0.9936831441739693,41,mse,bce,
4,COMPLETE,2.520634412765503,53.40160369873047,0.00015272762350619092,0.00037661443114603326,0.4963894714455639,0.9961942810119035,87,mse,mse,
5,COMPLETE,2.5316121578216553,68.8443603515625,0.00011949044232545103,0.00034729864294122707,0.4862645575042199,0.9965599601538763,85,mse,mse,
