{
  "epoch": [
    1,
    2,
    3,
    4,
    5,
    6,
    7,
    8,
    9,
    10,
    11,
    12,
    13,
    14,
    15,
    16,
    17,
    18,
    19,
    20,
    21,
    22,
    23,
    24,
    25,
    26,
    27,
    28,
    29,
    30,
    31,
    32,
    33,
    34,
    35,
    36,
    37,
    38,
    39,
    40,
    41,
    42,
    43,
    44,
    45,
    46
  ],
  "train_loss": [
    0.10196568816900253,
    0.027481986209750175,
    0.022251112386584282,
    0.020163320004940033,
    0.018928129225969315,
    0.018126094713807106,
    0.017544327303767204,
    0.01704402267932892,
    0.01664051041007042,
    0.016318315640091896,
    0.016026072204113007,
    0.015773043036460876,
    0.015560737811028957,
    0.015394535847008228,
    0.015203617513179779,
    0.015077279880642891,
    0.014925389550626278,
    0.014793937094509602,
    0.01468998845666647,
    0.014585022814571857,
    0.014483221806585789,
    0.014398861676454544,
    0.014311136677861214,
    0.014230459928512573,
    0.01415522862225771,
    0.014092210680246353,
    0.014018497429788113,
    0.013962527737021446,
    0.013906979002058506,
    0.013838321901857853,
    0.01379931066185236,
    0.013740488328039646,
    0.013691193424165249,
    0.013643564656376839,
    0.013597207143902779,
    0.01355697587132454,
    0.013507126830518246,
    0.013467935845255852,
    0.01343280915170908,
    0.013389491476118565,
    0.013351719826459885,
    0.013322892598807812,
    0.013290305621922016,
    0.01325241755694151,
    0.013222238048911095,
    0.013200993649661541
  ],
  "test_loss": [
    0.03227793797850609,
    0.02388155832886696,
    0.020865872502326965,
    0.01910638064146042,
    0.018845047801733017,
    0.01793813332915306,
    0.017324434593319893,
    0.01686643809080124,
    0.01694277487695217,
    0.01629813015460968,
    0.0164211243391037,
    0.01592414453625679,
    0.01586950197815895,
    0.015870707109570503,
    0.015787210315465927,
    0.015460582450032234,
    0.015462921001017094,
    0.015308353118598461,
    0.015150905586779118,
    0.015080242417752743,
    0.014986047521233559,
    0.015059741213917732,
    0.01503930427134037,
    0.014970548450946808,
    0.014826206490397453,
    0.01475704275071621,
    0.014716295525431633,
    0.014751829206943512,
    0.01466770563274622,
    0.014624832198023796,
    0.014660327695310116,
    0.0145909758284688,
    0.014516139402985573,
    0.014424514025449753,
    0.014411285519599915,
    0.014388086274266243,
    0.014441201463341713,
    0.014390945434570312,
    0.014258366078138351,
    0.014367305673658848,
    0.014329895377159119,
    0.014299219474196434,
    0.014269405044615269,
    0.014123175293207169,
    0.014184350147843361,
    0.014293625019490719
  ]
}