{
  "epoch": [
    1,
    2,
    3,
    4,
    5,
    6,
    7,
    8,
    9,
    10,
    11,
    12,
    13,
    14,
    15,
    16,
    17,
    18,
    19,
    20,
    21,
    22,
    23,
    24,
    25,
    26,
    27,
    28,
    29,
    30,
    31,
    32,
    33,
    34,
    35,
    36,
    37,
    38,
    39,
    40,
    41,
    42,
    43,
    44,
    45,
    46,
    47,
    48,
    49,
    50,
    51,
    52,
    53,
    54,
    55,
    56,
    57,
    58,
    59,
    60,
    61,
    62,
    63,
    64,
    65,
    66,
    67,
    68,
    69,
    70,
    71,
    72,
    73,
    74,
    75,
    76,
    77,
    78,
    79,
    80,
    81,
    82,
    83,
    84,
    85,
    86,
    87,
    88,
    89,
    90,
    91,
    92,
    93,
    94,
    95,
    96,
    97,
    98,
    99,
    100,
    101,
    102,
    103,
    104,
    105,
    106,
    107,
    108,
    109,
    110,
    111,
    112,
    113,
    114,
    115,
    116,
    117,
    118,
    119,
    120,
    121,
    122,
    123,
    124,
    125,
    126,
    127,
    128,
    129,
    130,
    131,
    132,
    133,
    134,
    135,
    136,
    137,
    138,
    139,
    140,
    141,
    142,
    143,
    144,
    145,
    146,
    147,
    148,
    149,
    150,
    151,
    152,
    153,
    154,
    155,
    156,
    157,
    158,
    159,
    160,
    161,
    162,
    163,
    164,
    165,
    166,
    167,
    168,
    169,
    170,
    171,
    172
  ],
  "generator_loss": [
    0.9995527863502502,
    0.9980120062828064,
    0.9984867572784424,
    0.9997026324272156,
    0.9999460577964783,
    0.9977095723152161,
    0.9991008639335632,
    0.9990442395210266,
    0.9990695118904114,
    0.9994825720787048,
    0.9996217489242554,
    0.993192732334137,
    0.9994227290153503,
    0.9991433620452881,
    0.9996829032897949,
    0.999064564704895,
    0.9985465407371521,
    0.9990522861480713,
    0.9980034828186035,
    0.9986160397529602,
    0.998260498046875,
    0.9993934035301208,
    0.9983981251716614,
    0.9987682104110718,
    0.9987884759902954,
    0.9994413256645203,
    0.9971961975097656,
    0.9995435476303101,
    0.9987728595733643,
    0.9991163015365601,
    0.999100923538208,
    0.9989280700683594,
    0.9979110360145569,
    0.9989940524101257,
    0.9993749260902405,
    0.9997208118438721,
    0.9981383085250854,
    0.9994903802871704,
    0.9996165037155151,
    0.9981321692466736,
    0.9995662569999695,
    0.9992292523384094,
    0.9993768334388733,
    0.9994508028030396,
    0.9989390969276428,
    0.9986521601676941,
    0.9988709092140198,
    0.9990754127502441,
    0.9975622892379761,
    0.9992778301239014,
    0.998860239982605,
    0.999330997467041,
    0.9993458986282349,
    0.9987044930458069,
    0.9992782473564148,
    0.9994977116584778,
    0.997700035572052,
    0.9986870288848877,
    0.9987655282020569,
    0.9991093277931213,
    0.997310221195221,
    0.9987168908119202,
    0.9991486072540283,
    0.9985302090644836,
    0.9990312457084656,
    0.9994695782661438,
    0.999596118927002,
    0.9982554316520691,
    0.998738169670105,
    0.9998944401741028,
    0.9993582367897034,
    0.9979444742202759,
    0.9995995163917542,
    0.9979643225669861,
    0.9992696642875671,
    0.9994203448295593,
    0.999415397644043,
    0.9983943104743958,
    0.9999333620071411,
    0.9979852437973022,
    0.9987283945083618,
    0.9987714886665344,
    0.999030351638794,
    0.9991000294685364,
    0.9983000159263611,
    0.9993120431900024,
    0.9987162947654724,
    0.9976769089698792,
    0.9992009401321411,
    0.9979549050331116,
    0.999049723148346,
    0.9984691739082336,
    0.9989978671073914,
    0.9957621693611145,
    0.9987429976463318,
    0.9983730912208557,
    0.9959296584129333,
    0.9960007667541504,
    0.9988961219787598,
    0.9965239763259888,
    0.9980815052986145,
    0.9967886805534363,
    0.9971777200698853,
    0.99765944480896,
    0.9975798726081848,
    0.9978931546211243,
    0.9984701871871948,
    0.9980219602584839,
    0.9983330965042114,
    0.9996141791343689,
    0.9974159002304077,
    0.99711012840271,
    0.9987103939056396,
    0.9975466132164001,
    0.9990517497062683,
    0.9983968138694763,
    0.9973601698875427,
    0.9987322092056274,
    0.9990991950035095,
    0.9982403516769409,
    0.9986210465431213,
    0.9993787407875061,
    0.9968576431274414,
    0.9973400235176086,
    0.9977267384529114,
    0.9983775019645691,
    0.9978630542755127,
    0.998234748840332,
    0.9989751577377319,
    0.9993298053741455,
    0.998731255531311,
    0.9975981712341309,
    0.9983345866203308,
    0.9979349374771118,
    0.9978291392326355,
    0.9981737732887268,
    0.9961077570915222,
    0.9985141158103943,
    0.9992166757583618,
    0.9992809891700745,
    0.9992246031761169,
    0.9993476867675781,
    0.9989640116691589,
    0.9990637898445129,
    0.9986393451690674,
    0.9995318651199341,
    0.9985284805297852,
    0.9986799955368042,
    0.99968022108078,
    0.9993744492530823,
    0.9995101094245911,
    0.9978628754615784,
    0.9993724822998047,
    0.9969502687454224,
    0.9984251856803894,
    0.9957336783409119,
    0.9976250529289246,
    0.9982496500015259,
    0.9976766705513,
    0.9994483590126038,
    0.9983838796615601,
    0.999627411365509,
    0.9986646175384521,
    0.9984713792800903,
    0.9960649013519287,
    0.9985759258270264,
    0.999716579914093,
    0.9986850619316101,
    0.9978543519973755,
    0.9983358979225159,
    0.9988096952438354,
    0.9988923668861389
  ],