{
  "epoch": [
    1,
    2,
    3,
    4,
    5,
    6,
    7,
    8,
    9,
    10,
    11,
    12,
    13,
    14,
    15,
    16,
    17,
    18,
    19,
    20,
    21
  ],
  "train_loss": [
    0.09710930287837982,
    0.07467403262853622,
    0.07208029180765152,
    0.0710909515619278,
    0.07049917429685593,
    0.07009564340114594,
    0.06981558352708817,
    0.06958916783332825,
    0.06935028731822968,
    0.06914208829402924,
    0.06897695362567902,
    0.06881489604711533,
    0.0686013475060463,
    0.06845040619373322,
    0.06831052899360657,
    0.06820015609264374,
    0.06806319952011108,
    0.06795842945575714,
    0.06784885376691818,
    0.06770141422748566,
    0.06763069331645966
  ],
  "test_loss": [
    0.07815640419721603,
    0.0736289694905281,
    0.07194141298532486,
    0.07154769450426102,
    0.07101977616548538,
    0.07052820920944214,
    0.07020998001098633,
    0.06992794573307037,
    0.06978684663772583,
    0.06976308673620224,
    0.06955749541521072,
    0.0698041319847107,
    0.06943350285291672,
    0.06906119734048843,
    0.06958907842636108,
    0.06882079690694809,
    0.06887512654066086,
    0.06881508976221085,
    0.06862843781709671,
    0.06869052350521088,
    0.06886108219623566
  ]
}