{
  "epoch": [
    1,
    2,
    3,
    4,
    5,
    6,
    7,
    8,
    9,
    10,
    11,
    12,
    13,
    14,
    15,
    16,
    17,
    18,
    19,
    20,
    21,
    22,
    23,
    24,
    25,
    26,
    27,
    28,
    29,
    30,
    31,
    32,
    33,
    34,
    35,
    36,
    37,
    38,
    39,
    40,
    41
  ],
  "train_loss": [
    0.07668496668338776,
    0.038588568568229675,
    0.03149721771478653,
    0.02652502991259098,
    0.023757366463541985,
    0.022084970027208328,
    0.02104058489203453,
    0.020385902374982834,
    0.020009340718388557,
    0.019763728603720665,
    0.019562846049666405,
    0.019410163164138794,
    0.019262971356511116,
    0.019161812961101532,
    0.01905324123799801,
    0.018968362361192703,
    0.01889033429324627,
    0.01881837658584118,
    0.018757808953523636,
    0.018694451078772545,
    0.018654463812708855,
    0.018590107560157776,
    0.018531441688537598,
    0.018494246527552605,
    0.018454238772392273,
    0.01841515302658081,
    0.018377121537923813,
    0.018334873020648956,
    0.018301205709576607,
    0.01826811209321022,
    0.018235836178064346,
    0.01820608414709568,
    0.018178101629018784,
    0.018147531896829605,
    0.018117249011993408,
    0.018100310117006302,
    0.01806669682264328,
    0.01804451271891594,
    0.01801535114645958,
    0.017998257651925087,
    0.01797744259238243
  ],
  "test_loss": [
    0.04433425888419151,
    0.034607820212841034,
    0.028658417984843254,
    0.024965450167655945,
    0.022915782406926155,
    0.0215371735394001,
    0.02089002914726734,
    0.020385442301630974,
    0.019958121702075005,
    0.019781293347477913,
    0.019541068002581596,
    0.0195060633122921,
    0.019421570003032684,
    0.01925516501069069,
    0.019251197576522827,
    0.0190554391592741,
    0.01905379630625248,
    0.018999433144927025,
    0.018924588337540627,
    0.018883001059293747,
    0.018784139305353165,
    0.018834831193089485,
    0.018821557983756065,
    0.01873048208653927,
    0.01859063096344471,
    0.01863907463848591,
    0.018562883138656616,
    0.018580147996544838,
    0.01852584443986416,
    0.01854029856622219,
    0.0185142420232296,
    0.018549423664808273,
    0.018443062901496887,
    0.0184010099619627,
    0.01849173754453659,
    0.018389014527201653,
    0.018360750749707222,
    0.01832476072013378,
    0.018293410539627075,
    0.018378622829914093,
    0.018383394926786423
  ]
}