{
  "epoch": [
    1,
    2,
    3,
    4,
    5,
    6,
    7,
    8,
    9,
    10,
    11,
    12,
    13,
    14,
    15,
    16,
    17,
    18,
    19,
    20,
    21,
    22,
    23,
    24,
    25,
    26,
    27,
    28,
    29,
    30,
    31,
    32
  ],
  "train_loss": [
    0.07474061101675034,
    0.037338241934776306,
    0.02945050597190857,
    0.025249935686588287,
    0.022786738350987434,
    0.021312285214662552,
    0.020406628027558327,
    0.019895512610673904,
    0.019593877717852592,
    0.01938575692474842,
    0.0192128736525774,
    0.0190778486430645,
    0.018943412229418755,
    0.01883835159242153,
    0.018747294321656227,
    0.01866321824491024,
    0.018580138683319092,
    0.018501078709959984,
    0.01844269596040249,
    0.018380455672740936,
    0.018323015421628952,
    0.018275560811161995,
    0.01824377104640007,
    0.018177755177021027,
    0.01813839189708233,
    0.01811544969677925,
    0.018072543665766716,
    0.018039042130112648,
    0.018000317737460136,
    0.017969463020563126,
    0.017941750586032867,
    0.017916379496455193
  ],
  "test_loss": [
    0.04323454573750496,
    0.03297320753335953,
    0.027002675458788872,
    0.023985154926776886,
    0.022144533693790436,
    0.020873140543699265,
    0.020335115492343903,
    0.019877048209309578,
    0.019546257331967354,
    0.01944858580827713,
    0.019321922212839127,
    0.019149594008922577,
    0.01910417154431343,
    0.019006449729204178,
    0.01892850361764431,
    0.018881849944591522,
    0.01871206983923912,
    0.018662797287106514,
    0.01875120773911476,
    0.018640970811247826,
    0.018550796434283257,
    0.018512433394789696,
    0.018397673964500427,
    0.01855825074017048,
    0.018387489020824432,
    0.018446778878569603,
    0.018358629196882248,
    0.01837213709950447,
    0.018262742087244987,
    0.018253585323691368,
    0.018297363072633743,
    0.018305687233805656
  ]
}