{
  "epoch": [
    1,
    2,
    3,
    4,
    5,
    6,
    7,
    8,
    9,
    10,
    11,
    12,
    13,
    14,
    15,
    16,
    17,
    18,
    19,
    20,
    21,
    22,
    23,
    24,
    25,
    26,
    27,
    28,
    29,
    30,
    31,
    32,
    33,
    34,
    35,
    36,
    37
  ],
  "train_loss": [
    0.14010925590991974,
    0.03587226942181587,
    0.02670343406498432,
    0.023152504116296768,
    0.021197384223341942,
    0.01991979219019413,
    0.01901889592409134,
    0.0183000098913908,
    0.01779363863170147,
    0.017348363995552063,
    0.016992898657917976,
    0.016673333942890167,
    0.016397986561059952,
    0.016171520575881004,
    0.015956515446305275,
    0.01578296162188053,
    0.015618565492331982,
    0.015467197634279728,
    0.015322032384574413,
    0.015189876779913902,
    0.015084685757756233,
    0.01497454009950161,
    0.014875978231430054,
    0.014781231991946697,
    0.014696995727717876,
    0.014616289176046848,
    0.014528081752359867,
    0.014459491707384586,
    0.014392431825399399,
    0.01432714518159628,
    0.014277156442403793,
    0.014200940728187561,
    0.01414573285728693,
    0.014094737358391285,
    0.014035714790225029,
    0.014000489376485348,
    0.013937161304056644
  ],
  "test_loss": [
    0.04448232799768448,
    0.02914292737841606,
    0.023817680776119232,
    0.021719355136156082,
    0.020365888252854347,
    0.01921977289021015,
    0.018717974424362183,
    0.01815830171108246,
    0.01765262708067894,
    0.01727600395679474,
    0.016926828771829605,
    0.016669219359755516,
    0.01655203476548195,
    0.016255589202046394,
    0.016264181584119797,
    0.016140835359692574,
    0.016043834388256073,
    0.015848062932491302,
    0.015673279762268066,
    0.01564057171344757,
    0.015597020275890827,
    0.015581786632537842,
    0.015465558506548405,
    0.015281287021934986,
    0.015262872911989689,
    0.015272426418960094,
    0.015210786834359169,
    0.015106272883713245,
    0.015053657814860344,
    0.014973919838666916,
    0.014929475262761116,
    0.014857598580420017,
    0.014821447432041168,
    0.014867541380226612,
    0.014753332361578941,
    0.014755258336663246,
    0.014761076308786869
  ]
}