{
  "epoch": [
    1,
    2,
    3,
    4,
    5,
    6,
    7,
    8,
    9,
    10,
    11,
    12,
    13,
    14,
    15,
    16,
    17,
    18,
    19,
    20,
    21,
    22,
    23,
    24,
    25,
    26,
    27,
    28,
    29,
    30,
    31,
    32,
    33
  ],
  "train_loss": [
    0.07631350308656693,
    0.040880780667066574,
    0.03282488137483597,
    0.028185827657580376,
    0.02528042532503605,
    0.023167209699749947,
    0.02165297232568264,
    0.020511187613010406,
    0.019372139126062393,
    0.018240759149193764,
    0.017274392768740654,
    0.016620822250843048,
    0.015945080667734146,
    0.015310858376324177,
    0.0148188266903162,
    0.014361096546053886,
    0.013932934030890465,
    0.013564173132181168,
    0.013234118930995464,
    0.012984712608158588,
    0.01264950167387724,
    0.012366763316094875,
    0.012096758931875229,
    0.01187888067215681,
    0.011570236645638943,
    0.011395072564482689,
    0.01120990514755249,
    0.011025083251297474,
    0.01085913460701704,
    0.010723438113927841,
    0.010619337670505047,
    0.010509304702281952,
    0.010432747192680836
  ],
  "test_loss": [
    0.047047920525074005,
    0.036246709525585175,
    0.030076658353209496,
    0.026848122477531433,
    0.02430599555373192,
    0.02256184257566929,
    0.021161386743187904,
    0.020187459886074066,
    0.018984271213412285,
    0.017947761341929436,
    0.017165208235383034,
    0.01681983470916748,
    0.015766633674502373,
    0.015625186264514923,
    0.014918160624802113,
    0.014814523048698902,
    0.014066421426832676,
    0.013514646328985691,
    0.013511067256331444,
    0.013090338557958603,
    0.013431546278297901,
    0.012523416429758072,
    0.012206140905618668,
    0.01192118413746357,
    0.012109173461794853,
    0.011652164161205292,
    0.01164226420223713,
    0.011483929120004177,
    0.010964017361402512,
    0.011174210347235203,
    0.010807487182319164,
    0.011176522821187973,
    0.011568103916943073
  ]
}