{
  "epoch": [
    1,
    2,
    3,
    4,
    5,
    6,
    7,
    8,
    9,
    10,
    11,
    12,
    13,
    14,
    15,
    16,
    17,
    18,
    19,
    20,
    21,
    22,
    23,
    24,
    25,
    26,
    27,
    28,
    29,
    30,
    31,
    32,
    33,
    34,
    35,
    36,
    37,
    38,
    39,
    40,
    41
  ],
  "train_loss": [
    0.07992017269134521,
    0.040017902851104736,
    0.031075838953256607,
    0.026518575847148895,
    0.023894917219877243,
    0.022086607292294502,
    0.020516492426395416,
    0.019105086103081703,
    0.017887068912386894,
    0.01691519096493721,
    0.016241466626524925,
    0.01561268512159586,
    0.014962996356189251,
    0.014372357167303562,
    0.013875359669327736,
    0.013427558355033398,
    0.01309620589017868,
    0.012735240161418915,
    0.01241310779005289,
    0.012130164541304111,
    0.011862284503877163,
    0.01160242035984993,
    0.011318584904074669,
    0.01113201305270195,
    0.010907812975347042,
    0.010763997212052345,
    0.010610636323690414,
    0.010491039603948593,
    0.010386482812464237,
    0.0102703170850873,
    0.01020876131951809,
    0.01011562068015337,
    0.010057221166789532,
    0.009996049106121063,
    0.009917744435369968,
    0.00986391119658947,
    0.009817857295274734,
    0.00975595973432064,
    0.009748093783855438,
    0.009678942151367664,
    0.009661581367254257
  ],
  "test_loss": [
    0.046348486095666885,
    0.034682974219322205,
    0.029803922399878502,
    0.02495499514043331,
    0.023143377155065536,
    0.02137148380279541,
    0.020093083381652832,
    0.01878274232149124,
    0.017311906442046165,
    0.016727130860090256,
    0.01640237122774124,
    0.015780096873641014,
    0.015092885121703148,
    0.014549996703863144,
    0.013765241019427776,
    0.013422315940260887,
    0.013990525156259537,
    0.012849969789385796,
    0.012508348561823368,
    0.012157425284385681,
    0.011839431710541248,
    0.011865568347275257,
    0.01178138516843319,
    0.011190799996256828,
    0.011114738881587982,
    0.011036454699933529,
    0.010921486653387547,
    0.010708856396377087,
    0.010520142503082752,
    0.010434647090733051,
    0.01059624645859003,
    0.010392851196229458,
    0.010525867342948914,
    0.010249926708638668,
    0.010203865356743336,
    0.01063621323555708,
    0.009952370077371597,
    0.010097512975335121,
    0.00999240018427372,
    0.010000664740800858,
    0.01000700518488884
  ]
}