{
  "epoch": [
    1,
    2,
    3,
    4,
    5,
    6,
    7,
    8,
    9,
    10,
    11,
    12,
    13
  ],
  "train_loss": [
    0.09317370504140854,
    0.07354751229286194,
    0.07132099568843842,
    0.07054534554481506,
    0.0702507495880127,
    0.06991933286190033,
    0.06969602406024933,
    0.06940686702728271,
    0.06928218901157379,
    0.06921948492527008,
    0.06906059384346008,
    0.06884216517210007,
    0.06867008656263351
  ],
  "test_loss": [
    0.07693973928689957,
    0.0726482942700386,
    0.07169466465711594,
    0.07135681062936783,
    0.07152173668146133,
    0.07109296321868896,
    0.07106320559978485,
    0.0701269581913948,
    0.07023981958627701,
    0.06978722661733627,
    0.06960699707269669,
    0.06989577412605286,
    0.07006044685840607
  ]
}