{
  "epoch": [
    1,
    2,
    3,
    4,
    5,
    6,
    7,
    8,
    9,
    10,
    11,
    12,
    13,
    14,
    15,
    16,
    17,
    18,
    19
  ],
  "train_loss": [
    0.12543170154094696,
    0.07537245005369186,
    0.06566257774829865,
    0.06012522429227829,
    0.05723220482468605,
    0.05510803684592247,
    0.054009001702070236,
    0.052891381084918976,
    0.05217565596103668,
    0.051242027431726456,
    0.05081256479024887,
    0.05008558928966522,
    0.0498645082116127,
    0.049344927072525024,
    0.0490151084959507,
    0.0487225167453289,
    0.04830950126051903,
    0.047944650053977966,
    0.04776844382286072
  ],
  "test_loss": [
    0.08312717080116272,
    0.06792435050010681,
    0.06005631759762764,
    0.05746043846011162,
    0.05461578071117401,
    0.053697798401117325,
    0.05183770880103111,
    0.05138961970806122,
    0.05098357051610947,
    0.054193902760744095,
    0.05050443857908249,
    0.0493389293551445,
    0.05224723741412163,
    0.05121958628296852,
    0.04753929749131203,
    0.048063747584819794,
    0.04678967967629433,
    0.04713931307196617,
    0.048403576016426086
  ]
}