{
  "epoch": [
    1,
    2,
    3,
    4,
    5,
    6,
    7,
    8,
    9,
    10,
    11,
    12,
    13,
    14,
    15,
    16,
    17,
    18,
    19,
    20,
    21,
    22,
    23,
    24,
    25,
    26,
    27,
    28,
    29,
    30,
    31,
    32,
    33,
    34,
    35,
    36,
    37,
    38,
    39,
    40,
    41,
    42,
    43,
    44,
    45,
    46,
    47,
    48,
    49,
    50,
    51,
    52,
    53,
    54,
    55,
    56,
    57,
    58,
    59,
    60,
    61,
    62,
    63,
    64,
    65,
    66,
    67,
    68,
    69,
    70,
    71,
    72,
    73,
    74,
    75,
    76,
    77,
    78,
    79,
    80,
    81,
    82,
    83,
    84,
    85,
    86,
    87,
    88,
    89,
    90,
    91,
    92,
    93,
    94,
    95,
    96,
    97,
    98,
    99,
    100,
    101,
    102,
    103,
    104,
    105,
    106,
    107,
    108,
    109,
    110,
    111,
    112,
    113,
    114,
    115,
    116,
    117,
    118,
    119,
    120,
    121,
    122,
    123,
    124,
    125,
    126,
    127,
    128,
    129,
    130,
    131,
    132,
    133,
    134,
    135,
    136,
    137,
    138,
    139,
    140,
    141,
    142,
    143,
    144,
    145,
    146,
    147,
    148,
    149,
    150,
    151,
    152,
    153,
    154,
    155,
    156,
    157,
    158,
    159,
    160,
    161,
    162,
    163,
    164,
    165,
    166,
    167,
    168,
    169,
    170
  ],
  "generator_loss": [
    0.7000099420547485,
    0.6935221552848816,
    0.6882606744766235,
    0.6844983696937561,
    0.6814833879470825,
    0.6778911352157593,
    0.6785494089126587,
    0.6788573861122131,
    0.673947274684906,
    0.6740227937698364,
    0.6735397577285767,
    0.6731129288673401,
    0.6707602143287659,
    0.6704331636428833,
    0.6708345413208008,
    0.6702358722686768,
    0.6705039143562317,
    0.6700409054756165,
    0.6670145988464355,
    0.6693868041038513,
    0.6706781983375549,
    0.6710821986198425,
    0.6708430647850037,
    0.6716548204421997,
    0.6697015762329102,
    0.669970691204071,
    0.6694320440292358,
    0.6696678996086121,
    0.671698272228241,
    0.6712685823440552,
    0.6723580360412598,
    0.6700644493103027,
    0.6726121306419373,
    0.6725363731384277,
    0.6702722311019897,
    0.6723356246948242,
    0.6749063730239868,
    0.6734328866004944,
    0.6724462509155273,
    0.673006534576416,
    0.6747052669525146,
    0.6778218150138855,
    0.6728876233100891,
    0.6763915419578552,
    0.6759654879570007,
    0.676109254360199,
    0.6776241064071655,
    0.6765109896659851,
    0.675581693649292,
    0.6783204078674316,
    0.6784043908119202,
    0.6807700395584106,
    0.6773006319999695,
    0.6792060732841492,
    0.679014265537262,
    0.6809999346733093,
    0.6816624999046326,
    0.6799051761627197,
    0.6818392276763916,
    0.681610107421875,
    0.6828731298446655,
    0.684702455997467,
    0.6840521693229675,
    0.6831332445144653,
    0.6825287938117981,
    0.6849859356880188,
    0.6828281283378601,
    0.6857422590255737,
    0.683436393737793,
    0.686924934387207,
    0.684025228023529,
    0.683789074420929,
    0.6856982707977295,
    0.6840252876281738,
    0.6871228218078613,
    0.6884987950325012,
    0.687782347202301,
    0.6864433884620667,
    0.6882082223892212,
    0.6899824142456055,
    0.6886760592460632,
    0.6897752285003662,
    0.6889922618865967,
    0.6873975992202759,
    0.6880017518997192,
    0.6900634765625,
    0.6898541450500488,
    0.6938114762306213,
    0.6921135783195496,
    0.6888971924781799,
    0.6906165480613708,
    0.6889317631721497,
    0.6912168860435486,
    0.6923137307167053,
    0.69341641664505,
    0.6943305730819702,
    0.6940829753875732,
    0.693733274936676,
    0.6936904191970825,
    0.6963351368904114,
    0.6944822072982788,
    0.697029173374176,
    0.6968111991882324,
    0.6969045996665955,
    0.6933464407920837,
    0.6946490406990051,
    0.6972284913063049,
    0.697982132434845,
    0.7009941935539246,
    0.6984136700630188,
    0.6973375678062439,
    0.7010371685028076,
    0.6986454129219055,
    0.6997790336608887,
    0.6990403532981873,
    0.7009782791137695,
    0.6988551616668701,
    0.6987000107765198,
    0.699781060218811,
    0.6992611289024353,
    0.7005026340484619,
    0.7027011513710022,
    0.701406717300415,
    0.7015860676765442,
    0.7014694213867188,
    0.7027997374534607,
    0.7043127417564392,
    0.7012690305709839,
    0.7032954096794128,
    0.7036572694778442,
    0.7022688388824463,
    0.7015430331230164,
    0.7057661414146423,
    0.7020625472068787,
    0.7044335007667542,
    0.7056466937065125,
    0.7037842273712158,
    0.7060717940330505,
    0.7048842310905457,
    0.7061854600906372,
    0.7065756916999817,
    0.7062415480613708,
    0.7073037624359131,
    0.7075998187065125,
    0.7070459127426147,
    0.7065455317497253,
    0.7072600722312927,
    0.708471417427063,
    0.7081390619277954,
    0.7069602608680725,
    0.709302544593811,
    0.7090326547622681,
    0.7109706401824951,
    0.7085586786270142,
    0.7107374668121338,
    0.7098481059074402,
    0.7098181843757629,
    0.7100071907043457,
    0.709103524684906,
    0.7104642987251282,
    0.7133433222770691,
    0.7116358280181885,
    0.7125634551048279,
    0.712796151638031,
    0.7107868194580078,
    0.7108785510063171,
    0.7102968096733093,
    0.7143611311912537,
    0.7138364911079407,
    0.7141128182411194
  ],