{
  "epoch": [
    1,
    2,
    3,
    4,
    5,
    6,
    7,
    8,
    9,
    10,
    11,
    12,
    13,
    14,
    15,
    16,
    17,
    18,
    19,
    20,
    21,
    22,
    23,
    24,
    25,
    26,
    27,
    28
  ],
  "train_loss": [
    0.07947905361652374,
    0.03738699108362198,
    0.028910687193274498,
    0.02471625804901123,
    0.022365741431713104,
    0.021032214164733887,
    0.02014661580324173,
    0.019682280719280243,
    0.019398700445890427,
    0.019183024764060974,
    0.019016915932297707,
    0.01887538656592369,
    0.018749527633190155,
    0.018654029816389084,
    0.018570085987448692,
    0.01848689280450344,
    0.01841568760573864,
    0.018366657197475433,
    0.018294714391231537,
    0.018242625519633293,
    0.018194489181041718,
    0.01814967766404152,
    0.01811256632208824,
    0.018071599304676056,
    0.018031958490610123,
    0.018007198348641396,
    0.017961280420422554,
    0.017943691462278366
  ],
  "test_loss": [
    0.04330592229962349,
    0.03246498852968216,
    0.026524076238274574,
    0.02345445565879345,
    0.021713798865675926,
    0.02061600051820278,
    0.019989684224128723,
    0.019646279513835907,
    0.019336141645908356,
    0.019189082086086273,
    0.019099347293376923,
    0.018912527710199356,
    0.019083397462964058,
    0.018774954602122307,
    0.018752027302980423,
    0.01881452649831772,
    0.018543552607297897,
    0.01851028949022293,
    0.018467355519533157,
    0.01839655451476574,
    0.018457721918821335,
    0.01844203472137451,
    0.018318023532629013,
    0.01828680746257305,
    0.018388867378234863,
    0.018257874995470047,
    0.018268704414367676,
    0.018310504034161568
  ]
}