{
  "epoch": [
    1,
    2,
    3,
    4,
    5,
    6,
    7,
    8,
    9,
    10,
    11,
    12,
    13,
    14
  ],
  "train_loss": [
    0.10398722440004349,
    0.05865951627492905,
    0.049158256500959396,
    0.04461374133825302,
    0.04085611179471016,
    0.03905472159385681,
    0.037377625703811646,
    0.03587871417403221,
    0.035255901515483856,
    0.034667059779167175,
    0.034370340406894684,
    0.034314364194869995,
    0.034184858202934265,
    0.03817172348499298
  ],
  "test_loss": [
    0.07212807983160019,
    0.05298076197504997,
    0.04639880731701851,
    0.042999573051929474,
    0.040835797786712646,
    0.038725629448890686,
    0.03703639283776283,
    0.034983862191438675,
    0.036082301288843155,
    0.034950509667396545,
    0.035622261464595795,
    0.034405920654535294,
    0.03443814069032669,
    0.03820597752928734
  ]
}