{
  "epoch": [
    1,
    2,
    3,
    4,
    5,
    6,
    7,
    8,
    9,
    10,
    11,
    12,
    13,
    14,
    15,
    16,
    17,
    18,
    19,
    20,
    21,
    22,
    23,
    24,
    25,
    26,
    27,
    28,
    29,
    30,
    31,
    32,
    33,
    34,
    35,
    36,
    37,
    38,
    39,
    40,
    41,
    42,
    43,
    44,
    45,
    46,
    47,
    48,
    49,
    50,
    51,
    52,
    53,
    54,
    55,
    56,
    57,
    58,
    59,
    60,
    61,
    62,
    63
  ],
  "train_loss": [
    0.17235228419303894,
    0.05192127451300621,
    0.03614235296845436,
    0.03001517616212368,
    0.026679761707782745,
    0.024609452113509178,
    0.023177292197942734,
    0.022104743868112564,
    0.021246161311864853,
    0.020544931292533875,
    0.01995604857802391,
    0.019469905644655228,
    0.019038906320929527,
    0.018674809485673904,
    0.01834729127585888,
    0.018066134303808212,
    0.017799030989408493,
    0.01756398007273674,
    0.01734897866845131,
    0.01715470850467682,
    0.016970530152320862,
    0.016813891008496284,
    0.016665812581777573,
    0.01651781238615513,
    0.01639530621469021,
    0.016265222802758217,
    0.016160113736987114,
    0.016039028763771057,
    0.015929095447063446,
    0.0158429853618145,
    0.015748245641589165,
    0.015654761344194412,
    0.015568437054753304,
    0.015495291911065578,
    0.0154220936819911,
    0.015340792015194893,
    0.015277831815183163,
    0.015208303928375244,
    0.01514662429690361,
    0.015077061019837856,
    0.015024927444756031,
    0.014970159158110619,
    0.01491105742752552,
    0.014857400208711624,
    0.014817610383033752,
    0.014764169231057167,
    0.014715098775923252,
    0.014668152667582035,
    0.014620467089116573,
    0.014583268202841282,
    0.014542133547365665,
    0.014495479874312878,
    0.014451870694756508,
    0.014419374987483025,
    0.014391041360795498,
    0.01435049343854189,
    0.014311878010630608,
    0.014282245188951492,
    0.014246574603021145,
    0.01421319879591465,
    0.014183718711137772,
    0.01415332406759262,
    0.014122379012405872
  ],
  "test_loss": [
    0.06679020076990128,
    0.03974546492099762,
    0.03157086297869682,
    0.027336882427334785,
    0.024844329804182053,
    0.02322402596473694,
    0.022123252972960472,
    0.021420206874608994,
    0.020667314529418945,
    0.02006598748266697,
    0.019526779651641846,
    0.019155938178300858,
    0.018781892955303192,
    0.018476728349924088,
    0.018289241939783096,
    0.018022414296865463,
    0.017775926738977432,
    0.01764037273824215,
    0.017480896785855293,
    0.017251569777727127,
    0.017101921141147614,
    0.017044169828295708,
    0.0169543270021677,
    0.016777202486991882,
    0.016644805669784546,
    0.016441047191619873,
    0.016478493809700012,
    0.016394084319472313,
    0.016354301944375038,
    0.016175996512174606,
    0.016105080023407936,
    0.016084471717476845,
    0.016114359721541405,
    0.01596170663833618,
    0.01591576263308525,
    0.01579260639846325,
    0.015806712210178375,
    0.015673795714974403,
    0.015681318938732147,
    0.015643946826457977,
    0.015621183440089226,
    0.015445739962160587,
    0.015397953800857067,
    0.015459120273590088,
    0.015355497598648071,
    0.015406034886837006,
    0.015359372831881046,
    0.01532918494194746,
    0.015174715779721737,
    0.015266009606420994,
    0.015227127820253372,
    0.01516950223594904,
    0.015152066946029663,
    0.01506387535482645,
    0.015017475932836533,
    0.015070122666656971,
    0.015017331577837467,
    0.01496168039739132,
    0.015030860900878906,
    0.01496801245957613,
    0.014879824593663216,
    0.014886555261909962,
    0.014914354309439659
  ]
}