{
  "epoch": [
    1,
    2,
    3,
    4,
    5,
    6,
    7,
    8,
    9,
    10,
    11,
    12,
    13,
    14,
    15,
    16,
    17,
    18,
    19,
    20,
    21,
    22,
    23,
    24,
    25,
    26,
    27,
    28,
    29,
    30,
    31,
    32,
    33,
    34,
    35,
    36,
    37,
    38,
    39,
    40,
    41,
    42,
    43,
    44,
    45,
    46,
    47,
    48,
    49,
    50,
    51,
    52,
    53,
    54,
    55,
    56,
    57,
    58,
    59,
    60,
    61,
    62,
    63,
    64,
    65,
    66,
    67,
    68,
    69,
    70,
    71,
    72,
    73,
    74,
    75,
    76,
    77,
    78,
    79,
    80,
    81,
    82,
    83,
    84,
    85,
    86,
    87,
    88,
    89,
    90,
    91,
    92,
    93,
    94,
    95,
    96,
    97,
    98,
    99,
    100,
    101,
    102,
    103,
    104,
    105,
    106,
    107,
    108,
    109,
    110,
    111,
    112,
    113,
    114,
    115,
    116,
    117,
    118,
    119,
    120,
    121,
    122,
    123,
    124,
    125,
    126
  ],
  "generator_loss": [
    0.9813185930252075,
    0.9809314012527466,
    0.9827393293380737,
    0.9810611009597778,
    0.9816003441810608,
    0.9814678430557251,
    0.9808065295219421,
    0.9811403751373291,
    0.9806116819381714,
    0.981840193271637,
    0.9806039929389954,
    0.9821273684501648,
    0.9811083674430847,
    0.9821135401725769,
    0.9810558557510376,
    0.9819374084472656,
    0.9808392524719238,
    0.9815759658813477,
    0.982049822807312,
    0.9806828498840332,
    0.9820370674133301,
    0.982053816318512,
    0.9803423881530762,
    0.980367124080658,
    0.9824243187904358,
    0.9808993935585022,
    0.9822118878364563,
    0.9810580015182495,
    0.9823872447013855,
    0.9810921549797058,
    0.9824743866920471,
    0.9815504550933838,
    0.9818674325942993,
    0.9801486730575562,
    0.9815273284912109,
    0.9812183976173401,
    0.9833090901374817,
    0.9829067587852478,
    0.9817972779273987,
    0.9816405177116394,
    0.982031524181366,
    0.980810284614563,
    0.9828512668609619,
    0.9818747639656067,
    0.9822028875350952,
    0.9829692244529724,
    0.9816838502883911,
    0.9820953607559204,
    0.9834228754043579,
    0.9822270274162292,
    0.981532096862793,
    0.9822362065315247,
    0.9823616743087769,
    0.981387734413147,
    0.9809796810150146,
    0.982936441898346,
    0.9814684987068176,
    0.9817594885826111,
    0.9817489385604858,
    0.9822989702224731,
    0.981619656085968,
    0.9824116230010986,
    0.9825255274772644,
    0.9822880625724792,
    0.9842408895492554,
    0.9840437173843384,
    0.9826037287712097,
    0.9825145602226257,
    0.9840179085731506,
    0.9825741648674011,
    0.9809240698814392,
    0.9812085628509521,
    0.9820314049720764,
    0.9810516238212585,
    0.9837145805358887,
    0.982678234577179,
    0.9820980429649353,
    0.9829870462417603,
    0.9819654226303101,
    0.9823051691055298,
    0.9811680912971497,
    0.9815911054611206,
    0.9834669828414917,
    0.9817060828208923,
    0.9832794666290283,
    0.9824182391166687,
    0.983561098575592,
    0.9827973246574402,
    0.9822461009025574,
    0.9832863211631775,
    0.9829533696174622,
    0.9821681976318359,
    0.9822508692741394,
    0.9823393821716309,
    0.9813795685768127,
    0.9829912185668945,
    0.9818596839904785,
    0.9839696884155273,
    0.9826794266700745,
    0.982746958732605,
    0.9831430315971375,
    0.9821084141731262,
    0.981240451335907,
    0.9822418093681335,
    0.9824749231338501,
    0.982824981212616,
    0.9831833839416504,
    0.9833534359931946,
    0.9836624264717102,
    0.9821408987045288,
    0.983390212059021,
    0.9828487038612366,
    0.9816404581069946,
    0.983300507068634,
    0.9822460412979126,
    0.9832642078399658,
    0.982380211353302,
    0.9831511378288269,
    0.9839922189712524,
    0.982882022857666,
    0.9832475781440735,
    0.9836050868034363,
    0.9826329350471497,
    0.9825764894485474,
    0.9837377071380615,
    0.983928382396698
  ],
  "discriminator_loss": [
    0.3602790832519531,
    0.3612096309661865,
    0.3587352931499481,
    0.3609509766101837,
    0.36332225799560547,
    0.3608556091785431,
    0.36168012022972107,
    0.3618933856487274,
    0.3608522117137909,
    0.35867589712142944,
    0.3593435287475586,
    0.35892999172210693,
    0.36104753613471985,
    0.3592926859855652,
    0.35958805680274963,
    0.36026236414909363,
    0.3614868223667145,
    0.3584444522857666,
    0.3602737784385681,
    0.3610314726829529,
    0.3635711371898651,
    0.36189278960227966,
    0.36231309175491333,
    0.3598358631134033,
    0.3592311441898346,
    0.36077648401260376,
    0.35902100801467896,
    0.35933640599250793,
    0.35968807339668274,
    0.3595459461212158,
    0.3570921719074249,
    0.3601333200931549,
    0.35987940430641174,
    0.36194440722465515,
    0.36009153723716736,
    0.3596271872520447,
    0.35935190320014954,
    0.358237087726593,
    0.3591375946998596,
    0.360826313495636,
    0.3589434325695038,
    0.36092865467071533,
    0.3578660190105438,
    0.3614022433757782,
    0.35924550890922546,
    0.35763856768608093,
    0.3581274449825287,
    0.3610984683036804,
    0.35747501254081726,
    0.35967740416526794,
    0.35933995246887207,
    0.359117716550827,
    0.36015239357948303,
    0.35925981402397156,
    0.3596496284008026,
    0.3589552044868469,
    0.35984498262405396,
    0.3584872782230377,
    0.3611131012439728,
    0.36071860790252686,
    0.3608441650867462,
    0.35957762598991394,
    0.35850411653518677,
    0.35841330885887146,
    0.3571845591068268,
    0.35893458127975464,
    0.35812193155288696,
    0.3599683344364166,
    0.35768255591392517,
    0.3602198660373688,
    0.3597396910190582,
    0.35963794589042664,
    0.359649658203125,
    0.3610977232456207,
    0.3587249219417572,
    0.3575490117073059,
    0.35799720883369446,
    0.3595751225948334,
    0.3591023087501526,
    0.35885611176490784,
    0.3608979284763336,
    0.35856109857559204,
    0.35859864950180054,
    0.3598787784576416,
    0.3592055141925812,
    0.3575873374938965,
    0.3595024049282074,
    0.35638484358787537,
    0.3587093949317932,
    0.3583446145057678,
    0.35897332429885864,
    0.35641297698020935,
    0.3582887053489685,
    0.35917535424232483,
    0.36043837666511536,
    0.3578808009624481,
    0.3568671643733978,
    0.3571925461292267,
    0.3574240803718567,
    0.3576763868331909,
    0.3581768572330475,
    0.3573845326900482,
    0.35871440172195435,
    0.35805338621139526,
    0.3587540090084076,
    0.3581767678260803,
    0.3577902913093567,
    0.35668236017227173,
    0.3577755391597748,
    0.3589525818824768,
    0.3577187955379486,
    0.3581260144710541,
    0.35889390110969543,
    0.35747432708740234,
    0.357871413230896,
    0.3574150800704956,
    0.3577035069465637,
    0.35706424713134766,
    0.35702186822891235,
    0.3568308353424072,
    0.3581080734729767,
    0.35744789242744446,
    0.3594920337200165,
    0.35818156599998474,
    0.35705843567848206,
    0.35693806409835815
  ],