{
  "epoch": [
    1,
    2,
    3,
    4,
    5,
    6,
    7,
    8,
    9,
    10,
    11,
    12
  ],
  "train_loss": [
    0.05906297639012337,
    0.02715522050857544,
    0.021772677078843117,
    0.020273486152291298,
    0.019767381250858307,
    0.01933864690363407,
    0.01921205222606659,
    0.019039319828152657,
    0.018858781084418297,
    0.018792757764458656,
    0.018652046099305153,
    0.018624110147356987
  ],
  "test_loss": [
    0.03245834633708,
    0.023301836103200912,
    0.020685819908976555,
    0.020551694557070732,
    0.020583847537636757,
    0.019481029361486435,
    0.019397351890802383,
    0.019154183566570282,
    0.019308187067508698,
    0.018812065944075584,
    0.019193267449736595,
    0.019412634894251823
  ]
}