{
  "epoch": [
    1,
    2,
    3,
    4,
    5,
    6,
    7,
    8,
    9,
    10,
    11,
    12,
    13,
    14,
    15,
    16,
    17,
    18,
    19,
    20,
    21,
    22,
    23,
    24,
    25,
    26,
    27,
    28,
    29,
    30,
    31,
    32,
    33,
    34,
    35,
    36,
    37,
    38,
    39,
    40,
    41,
    42,
    43,
    44,
    45,
    46,
    47,
    48,
    49,
    50,
    51,
    52
  ],
  "train_loss": [
    0.19967815279960632,
    0.11053279787302017,
    0.09245163947343826,
    0.08360085636377335,
    0.07670807838439941,
    0.071558378636837,
    0.06808298826217651,
    0.06564809381961823,
    0.06374326348304749,
    0.06219879165291786,
    0.06086207181215286,
    0.0596630685031414,
    0.05863535776734352,
    0.057655464857816696,
    0.056807395070791245,
    0.05604667216539383,
    0.055322807282209396,
    0.054744377732276917,
    0.0541338175535202,
    0.053571317344903946,
    0.05308147147297859,
    0.0525677315890789,
    0.052168767899274826,
    0.051709409803152084,
    0.051306404173374176,
    0.050939351320266724,
    0.05055065080523491,
    0.05024807155132294,
    0.049877651035785675,
    0.04960160329937935,
    0.049283456057310104,
    0.04897284507751465,
    0.04871339350938797,
    0.04843927174806595,
    0.04813333600759506,
    0.04791988432407379,
    0.04766727611422539,
    0.04742774739861488,
    0.04720671474933624,
    0.046973925083875656,
    0.04680724814534187,
    0.04652189463376999,
    0.046350497752428055,
    0.04616173356771469,
    0.04593425989151001,
    0.04578223079442978,
    0.045564547181129456,
    0.04539266601204872,
    0.045257795602083206,
    0.045104097574949265,
    0.04494813084602356,
    0.04481765255331993
  ],
  "test_loss": [
    0.12461770325899124,
    0.09761537611484528,
    0.08526596426963806,
    0.07820407301187515,
    0.07188870757818222,
    0.06753852218389511,
    0.06478916853666306,
    0.06268361210823059,
    0.061095885932445526,
    0.05993122234940529,
    0.05883815139532089,
    0.057477645576000214,
    0.056381698697805405,
    0.05589117854833603,
    0.054920632392168045,
    0.054375842213630676,
    0.05352384224534035,
    0.0534249022603035,
    0.052915699779987335,
    0.05206802859902382,
    0.05175573006272316,
    0.05148078501224518,
    0.050911735743284225,
    0.050640203058719635,
    0.049990955740213394,
    0.04985402524471283,
    0.04953280836343765,
    0.04892972484230995,
    0.048832107335329056,
    0.04876880720257759,
    0.04825093224644661,
    0.04864263907074928,
    0.048187255859375,
    0.04746391996741295,
    0.04755382612347603,
    0.04690839722752571,
    0.047323260456323624,
    0.04672274738550186,
    0.04654448851943016,
    0.0464310459792614,
    0.04612089693546295,
    0.0459994375705719,
    0.04590233042836189,
    0.04551084712147713,
    0.04578487202525139,
    0.04532591253519058,
    0.04512732848525047,
    0.04517493396997452,
    0.045024994760751724,
    0.04471275955438614,
    0.04472154378890991,
    0.04483349993824959
  ]
}