{
  "epoch": [
    1,
    2,
    3,
    4,
    5,
    6,
    7,
    8,
    9,
    10,
    11,
    12,
    13,
    14,
    15
  ],
  "train_loss": [
    0.38171613216400146,
    0.38083192706108093,
    0.38087382912635803,
    0.3808516561985016,
    0.3808257281780243,
    0.38085809350013733,
    0.3808612823486328,
    0.3808494508266449,
    0.38083478808403015,
    0.38083940744400024,
    0.38085049390792847,
    0.38084834814071655,
    0.3808375298976898,
    0.38084375858306885,
    0.41868898272514343
  ],
  "test_loss": [
    0.3851752281188965,
    0.38517558574676514,
    0.385175496339798,
    0.38517579436302185,
    0.38517552614212036,
    0.3851754367351532,
    0.38517552614212036,
    0.38517552614212036,
    0.3851763606071472,
    0.38517624139785767,
    0.385175883769989,
    0.38517528772354126,
    0.3851752281188965,
    0.38517674803733826,
    0.456429660320282
  ]
}