{
  "epoch": [
    1,
    2,
    3,
    4,
    5,
    6,
    7,
    8,
    9,
    10,
    11,
    12,
    13,
    14,
    15,
    16,
    17,
    18,
    19,
    20,
    21,
    22,
    23,
    24,
    25,
    26,
    27,
    28,
    29,
    30,
    31,
    32,
    33,
    34,
    35,
    36,
    37,
    38,
    39,
    40
  ],
  "train_loss": [
    0.20631197094917297,
    0.05742008239030838,
    0.037754565477371216,
    0.030767394229769707,
    0.027135446667671204,
    0.024978840723633766,
    0.023479359224438667,
    0.022384315729141235,
    0.021542388945817947,
    0.020834391936659813,
    0.020248863846063614,
    0.019721070304512978,
    0.01927538961172104,
    0.018903691321611404,
    0.018560748547315598,
    0.01825038529932499,
    0.01796838641166687,
    0.017734909430146217,
    0.017512578517198563,
    0.017306216061115265,
    0.017132213339209557,
    0.016965031623840332,
    0.016801932826638222,
    0.01665615662932396,
    0.016529370099306107,
    0.0163881778717041,
    0.01627856306731701,
    0.01617501489818096,
    0.016066554933786392,
    0.015959564596414566,
    0.015871873125433922,
    0.015785593539476395,
    0.01570502296090126,
    0.015613308176398277,
    0.01553190965205431,
    0.015477380715310574,
    0.015392129309475422,
    0.015332129783928394,
    0.01527088601142168,
    0.0152003588154912
  ],
  "test_loss": [
    0.0777001827955246,
    0.042052507400512695,
    0.032188910990953445,
    0.027767054736614227,
    0.025298064574599266,
    0.023576781153678894,
    0.022479219362139702,
    0.021592585369944572,
    0.02083488181233406,
    0.020407985895872116,
    0.019726820290088654,
    0.01939890906214714,
    0.0190706979483366,
    0.018651019781827927,
    0.01843803934752941,
    0.01827842928469181,
    0.01806485280394554,
    0.01769109256565571,
    0.017534330487251282,
    0.017320025712251663,
    0.01734299398958683,
    0.01708366535604,
    0.017043989151716232,
    0.01687520183622837,
    0.016741905361413956,
    0.016763485968112946,
    0.016572298482060432,
    0.016453437507152557,
    0.016357241198420525,
    0.016332577913999557,
    0.016283538192510605,
    0.016134455800056458,
    0.01619861088693142,
    0.01607234589755535,
    0.015904301777482033,
    0.015911949798464775,
    0.015873705968260765,
    0.01573079079389572,
    0.015817027539014816,
    0.015863316133618355
  ]
}