{
  "epoch": [
    1,
    2,
    3,
    4,
    5,
    6,
    7,
    8,
    9,
    10,
    11,
    12,
    13,
    14,
    15,
    16,
    17,
    18,
    19,
    20,
    21,
    22,
    23,
    24,
    25,
    26,
    27,
    28,
    29,
    30,
    31,
    32,
    33,
    34,
    35,
    36,
    37,
    38,
    39,
    40,
    41,
    42,
    43,
    44,
    45,
    46,
    47,
    48,
    49,
    50,
    51,
    52,
    53,
    54,
    55,
    56,
    57,
    58,
    59,
    60,
    61,
    62,
    63,
    64,
    65,
    66,
    67,
    68,
    69,
    70,
    71,
    72,
    73,
    74,
    75,
    76,
    77,
    78,
    79,
    80,
    81,
    82,
    83,
    84,
    85,
    86,
    87,
    88,
    89,
    90,
    91,
    92
  ],
  "train_loss": [
    0.1385626345872879,
    0.09224478155374527,
    0.08376268297433853,
    0.07919517159461975,
    0.07636640220880508,
    0.07379256933927536,
    0.0721830353140831,
    0.07150980830192566,
    0.07118338346481323,
    0.07099054008722305,
    0.07082190364599228,
    0.07070603221654892,
    0.07057329267263412,
    0.07050736248493195,
    0.0704076737165451,
    0.07035315781831741,
    0.07026677578687668,
    0.07019960880279541,
    0.0701313391327858,
    0.07004402577877045,
    0.06997472047805786,
    0.06990553438663483,
    0.06984522938728333,
    0.0697440356016159,
    0.06967968493700027,
    0.06959918886423111,
    0.0695096105337143,
    0.06942315399646759,
    0.06931848078966141,
    0.06923691183328629,
    0.06914155185222626,
    0.06905585527420044,
    0.06897803395986557,
    0.06890162080526352,
    0.06882904469966888,
    0.06878691166639328,
    0.06872394680976868,
    0.06868640333414078,
    0.06862729042768478,
    0.0685858279466629,
    0.06853940337896347,
    0.06851641088724136,
    0.06846781820058823,
    0.06842739135026932,
    0.06837596744298935,
    0.06835624575614929,
    0.0683152973651886,
    0.06828094273805618,
    0.06823873519897461,
    0.06821716576814651,
    0.06816688925027847,
    0.06812716275453568,
    0.06810690462589264,
    0.06805682927370071,
    0.06802352517843246,
    0.06800192594528198,
    0.06797793507575989,
    0.06795385479927063,
    0.06792217493057251,
    0.06789933145046234,
    0.06788371503353119,
    0.06783231347799301,
    0.06782398372888565,
    0.06779495626688004,
    0.0677594467997551,
    0.06775017082691193,
    0.06771387159824371,
    0.06770768761634827,
    0.06769165396690369,
    0.06767306476831436,
    0.0676581859588623,
    0.06762688606977463,
    0.06759802252054214,
    0.067592091858387,
    0.0675613284111023,
    0.06754863262176514,
    0.06754250079393387,
    0.06751766055822372,
    0.06748690456151962,
    0.06749239563941956,
    0.0674818903207779,
    0.06745551526546478,
    0.06742212176322937,
    0.06742528825998306,
    0.06741324067115784,
    0.06739279627799988,
    0.06736848503351212,
    0.06736749410629272,
    0.0673477053642273,
    0.06734830886125565,
    0.06731380522251129,
    0.06729208678007126
  ],
  "test_loss": [
    0.10152056068181992,
    0.0873308926820755,
    0.0812806561589241,
    0.07801506668329239,
    0.07542096078395844,
    0.07321085780858994,
    0.07214456051588058,
    0.07184204459190369,
    0.07152391225099564,
    0.07130628824234009,
    0.07121285051107407,
    0.07106056064367294,
    0.0709969624876976,
    0.07088914513587952,
    0.07086046040058136,
    0.07074040919542313,
    0.07074345648288727,
    0.07061167061328888,
    0.07059565931558609,
    0.07044046372175217,
    0.070313461124897,
    0.07034727185964584,
    0.07022067904472351,
    0.07019636780023575,
    0.07004822045564651,
    0.06994011998176575,
    0.06991010159254074,
    0.06982923299074173,
    0.06982413679361343,
    0.0696558952331543,
    0.06957788020372391,
    0.06947819143533707,
    0.06941305100917816,
    0.06932799518108368,
    0.06930409371852875,
    0.06922490149736404,
    0.06918614357709885,
    0.06912799179553986,
    0.06906131654977798,
    0.06905001401901245,
    0.06906875222921371,
    0.06895732879638672,
    0.06890973448753357,
    0.06886368989944458,
    0.06887584179639816,
    0.06882056593894958,
    0.06877200305461884,
    0.06874510645866394,
    0.06871174275875092,
    0.06866933405399323,
    0.06862085312604904,
    0.06862423568964005,
    0.06860092282295227,
    0.0686115100979805,
    0.06852361559867859,
    0.0685054212808609,
    0.06848879158496857,
    0.06851472705602646,
    0.06847351789474487,
    0.06854964047670364,
    0.06848478317260742,
    0.06843151897192001,
    0.06837863475084305,
    0.0683659017086029,
    0.06828655302524567,
    0.06823562830686569,
    0.06832336634397507,
    0.06830158084630966,
    0.06828009337186813,
    0.06825608015060425,
    0.06829426437616348,
    0.06828618794679642,
    0.0682327002286911,
    0.06820431351661682,
    0.06820470094680786,
    0.06816768646240234,
    0.06810816377401352,
    0.0682213231921196,
    0.06815017759799957,
    0.06814204901456833,
    0.06810977309942245,
    0.06818912923336029,
    0.0681355744600296,
    0.06808341294527054,
    0.06809228658676147,
    0.0680658221244812,
    0.06804860383272171,
    0.06799996644258499,
    0.06801322102546692,
    0.06800436228513718,
    0.06802291423082352,
    0.0680631622672081
  ]
}