{
  "epoch": [
    1,
    2,
    3,
    4,
    5,
    6,
    7,
    8,
    9,
    10,
    11,
    12,
    13,
    14,
    15,
    16,
    17,
    18,
    19,
    20,
    21,
    22,
    23,
    24,
    25,
    26,
    27,
    28,
    29,
    30,
    31,
    32,
    33,
    34,
    35,
    36,
    37,
    38,
    39,
    40,
    41,
    42,
    43,
    44,
    45,
    46,
    47,
    48,
    49,
    50,
    51,
    52,
    53,
    54,
    55,
    56,
    57,
    58,
    59,
    60,
    61,
    62,
    63,
    64,
    65,
    66,
    67,
    68,
    69,
    70,
    71,
    72,
    73,
    74,
    75,
    76,
    77,
    78,
    79,
    80,
    81,
    82,
    83,
    84,
    85,
    86,
    87,
    88,
    89,
    90,
    91,
    92,
    93,
    94,
    95,
    96,
    97,
    98,
    99,
    100,
    101,
    102,
    103,
    104,
    105,
    106,
    107,
    108,
    109,
    110,
    111,
    112,
    113,
    114,
    115,
    116,
    117,
    118,
    119,
    120,
    121,
    122,
    123,
    124,
    125,
    126,
    127,
    128,
    129,
    130,
    131,
    132,
    133,
    134,
    135,
    136,
    137,
    138,
    139,
    140,
    141,
    142,
    143,
    144,
    145,
    146,
    147,
    148,
    149,
    150,
    151,
    152,
    153,
    154,
    155,
    156,
    157,
    158,
    159,
    160,
    161,
    162,
    163,
    164,
    165,
    166,
    167,
    168,
    169,
    170,
    171,
    172,
    173,
    174,
    175,
    176
  ],
  "generator_loss": [
    0.8624521493911743,
    0.8230782151222229,
    0.8648726344108582,
    0.8843061327934265,
    0.8957034349441528,
    0.9071665406227112,
    0.9097461700439453,
    0.9153390526771545,
    0.9102548360824585,
    0.9149566888809204,
    0.9118602871894836,
    0.9201265573501587,
    0.9176393151283264,
    0.9167330265045166,
    0.9233904480934143,
    0.9257554411888123,
    0.9275205135345459,
    0.9240472912788391,
    0.9294247031211853,
    0.9281566143035889,
    0.928263783454895,
    0.9324090480804443,
    0.9323286414146423,
    0.9337278604507446,
    0.9360717535018921,
    0.9365612864494324,
    0.9312211871147156,
    0.933580756187439,
    0.9356766939163208,
    0.9364094734191895,
    0.9356516003608704,
    0.937272310256958,
    0.9360862374305725,
    0.9388279914855957,
    0.9373226165771484,
    0.9400045275688171,
    0.9397300481796265,
    0.9396886825561523,
    0.9403843283653259,
    0.9427645802497864,
    0.944049060344696,
    0.9399716258049011,
    0.9442741274833679,
    0.9481774568557739,
    0.9443356990814209,
    0.9420468807220459,
    0.9470037221908569,
    0.9463772177696228,
    0.9433732628822327,
    0.9465290904045105,
    0.9494494199752808,
    0.9497519135475159,
    0.9484617114067078,
    0.9477249979972839,
    0.947738766670227,
    0.9456738829612732,
    0.9451793432235718,
    0.947064220905304,
    0.949840247631073,
    0.9479471445083618,
    0.9486832022666931,
    0.95135498046875,
    0.9511624574661255,
    0.9488987922668457,
    0.9515969753265381,
    0.9497619271278381,
    0.9514760375022888,
    0.9525717496871948,
    0.9509895443916321,
    0.952198326587677,
    0.9552130699157715,
    0.9509367346763611,
    0.9534690976142883,
    0.9516656398773193,
    0.9544833898544312,
    0.9524233341217041,
    0.9523515105247498,
    0.9563958644866943,
    0.951201856136322,
    0.9556587934494019,
    0.9545397758483887,
    0.9537581205368042,
    0.9574395418167114,
    0.9559674859046936,
    0.9570410251617432,
    0.9581241011619568,
    0.9575268626213074,
    0.9557276368141174,
    0.9561629891395569,
    0.9573945999145508,
    0.9556612372398376,
    0.9569851756095886,
    0.9595450162887573,
    0.9566078186035156,
    0.9581162929534912,
    0.959886372089386,
    0.959980309009552,
    0.9599562883377075,
    0.9582421779632568,
    0.956861138343811,
    0.9568303227424622,
    0.9570565223693848,
    0.9574906229972839,
    0.9588425755500793,
    0.9580809473991394,
    0.9580497145652771,
    0.9626039862632751,
    0.9601607918739319,
    0.9612827301025391,
    0.9619859457015991,
    0.9596287608146667,
    0.9602455496788025,
    0.962407112121582,
    0.9604199528694153,
    0.9601901769638062,
    0.9611299633979797,
    0.9612762928009033,
    0.9627679586410522,
    0.9620336890220642,
    0.9625893831253052,
    0.9637374877929688,
    0.9627631902694702,
    0.9637027382850647,
    0.9621604681015015,
    0.9625082612037659,
    0.9632304310798645,
    0.9637629985809326,
    0.9657750129699707,
    0.9632261395454407,
    0.9644917249679565,
    0.9640242457389832,
    0.9623136520385742,
    0.9623950719833374,
    0.9643767476081848,
    0.9638312458992004,
    0.96504807472229,
    0.9663386344909668,
    0.9653723835945129,
    0.9658127427101135,
    0.963331401348114,
    0.9646472334861755,
    0.9660378694534302,
    0.9660402536392212,
    0.9674815535545349,
    0.965855598449707,
    0.964566707611084,
    0.964339554309845,
    0.9624755382537842,
    0.9666635394096375,
    0.9677289724349976,
    0.9665156006813049,
    0.9649823904037476,
    0.967566967010498,
    0.9657950401306152,
    0.9677251577377319,
    0.969169557094574,
    0.9665163159370422,
    0.9661874771118164,
    0.9680721163749695,
    0.966988742351532,
    0.9663757085800171,
    0.9633848071098328,
    0.9673265814781189,
    0.9646342992782593,
    0.9671961665153503,
    0.9662240743637085,
    0.9671521782875061,
    0.9638579487800598,
    0.9680954813957214,
    0.9675419330596924,
    0.9689555168151855,
    0.9680354595184326,
    0.9663180708885193,
    0.9686147570610046,
    0.9705982208251953,
    0.9680928587913513
  ],