{
  "epoch": [
    1,
    2,
    3,
    4,
    5
  ],
  "train_loss": [
    0.13656887412071228,
    0.09902795404195786,
    0.09314525872468948,
    0.09079202264547348,
    0.08962791413068771
  ],
  "test_loss": [
    0.10624482482671738,
    0.0914270430803299,
    0.08764578402042389,
    0.08941730111837387,
    0.09045298397541046
  ]
}