{
  "epoch": [
    1,
    2,
    3,
    4,
    5,
    6,
    7,
    8,
    9,
    10,
    11,
    12,
    13,
    14,
    15,
    16,
    17,
    18,
    19,
    20,
    21,
    22
  ],
  "train_loss": [
    0.055515386164188385,
    0.025920512154698372,
    0.021325435489416122,
    0.019844740629196167,
    0.01923970878124237,
    0.018985556438565254,
    0.018775882199406624,
    0.018659047782421112,
    0.018514225259423256,
    0.0183711014688015,
    0.018307235091924667,
    0.01821761578321457,
    0.01812809891998768,
    0.018054179847240448,
    0.018002234399318695,
    0.017931438982486725,
    0.01788097433745861,
    0.01783059909939766,
    0.017817692831158638,
    0.01773422583937645,
    0.01769346371293068,
    0.017652686685323715
  ],
  "test_loss": [
    0.03145615756511688,
    0.023991724476218224,
    0.02059822715818882,
    0.019784657284617424,
    0.019137930124998093,
    0.01927717588841915,
    0.018790410831570625,
    0.018910525366663933,
    0.018603088334202766,
    0.0186991598457098,
    0.01842842809855938,
    0.018567074090242386,
    0.018479174003005028,
    0.01833743043243885,
    0.018276210874319077,
    0.018279490992426872,
    0.01820061169564724,
    0.018717432394623756,
    0.01817038655281067,
    0.018096014857292175,
    0.018134281039237976,
    0.018181253224611282
  ]
}