{
  "epoch": [
    1,
    2,
    3,
    4,
    5,
    6,
    7,
    8,
    9,
    10,
    11,
    12,
    13,
    14,
    15,
    16,
    17,
    18,
    19,
    20,
    21,
    22,
    23,
    24,
    25,
    26,
    27,
    28,
    29,
    30,
    31,
    32,
    33,
    34,
    35,
    36
  ],
  "train_loss": [
    0.151553675532341,
    0.03340895473957062,
    0.02493595890700817,
    0.021930702030658722,
    0.02032649889588356,
    0.019245421513915062,
    0.018448956310749054,
    0.01783985085785389,
    0.01731286197900772,
    0.016913915053009987,
    0.016575682908296585,
    0.01626424305140972,
    0.01599952019751072,
    0.01576075330376625,
    0.01556994579732418,
    0.015402838587760925,
    0.015238511376082897,
    0.01510167308151722,
    0.014957224018871784,
    0.014839955605566502,
    0.014715553261339664,
    0.014629148878157139,
    0.014523829333484173,
    0.01445822510868311,
    0.014361964538693428,
    0.014279399067163467,
    0.014201922342181206,
    0.014133202843368053,
    0.014090125449001789,
    0.014023957774043083,
    0.01396553311496973,
    0.013902564533054829,
    0.013859840109944344,
    0.01381609681993723,
    0.0137525275349617,
    0.013708709739148617
  ],
  "test_loss": [
    0.042407333850860596,
    0.02726038172841072,
    0.022581323981285095,
    0.02084188535809517,
    0.01952431909739971,
    0.0185087863355875,
    0.018014824017882347,
    0.017864955589175224,
    0.017376475036144257,
    0.01686025597155094,
    0.01655588299036026,
    0.016534484922885895,
    0.01615223102271557,
    0.01595248095691204,
    0.015718981623649597,
    0.015830617398023605,
    0.015530191361904144,
    0.01551814004778862,
    0.015333621762692928,
    0.015264980494976044,
    0.015188248828053474,
    0.015081364661455154,
    0.015366217121481895,
    0.015022306703031063,
    0.014962191693484783,
    0.014831092208623886,
    0.014868001453578472,
    0.0147597286850214,
    0.014736254699528217,
    0.014758268371224403,
    0.014700680039823055,
    0.014651394449174404,
    0.014660876244306564,
    0.014526172541081905,
    0.014526961371302605,
    0.014614867977797985
  ]
}