{
  "epoch": [
    1,
    2,
    3,
    4,
    5,
    6,
    7,
    8,
    9,
    10,
    11,
    12,
    13,
    14,
    15,
    16,
    17,
    18,
    19,
    20,
    21,
    22,
    23,
    24,
    25,
    26,
    27,
    28,
    29,
    30,
    31,
    32,
    33,
    34,
    35,
    36,
    37,
    38,
    39,
    40,
    41,
    42,
    43,
    44,
    45,
    46,
    47,
    48,
    49,
    50,
    51,
    52,
    53,
    54,
    55,
    56,
    57,
    58,
    59,
    60,
    61,
    62,
    63,
    64,
    65,
    66,
    67,
    68,
    69,
    70,
    71,
    72,
    73,
    74,
    75,
    76,
    77,
    78,
    79,
    80,
    81,
    82,
    83,
    84,
    85,
    86,
    87,
    88,
    89,
    90,
    91,
    92,
    93,
    94,
    95,
    96,
    97,
    98,
    99,
    100,
    101,
    102,
    103,
    104,
    105,
    106,
    107,
    108,
    109,
    110,
    111,
    112,
    113,
    114,
    115,
    116,
    117,
    118,
    119,
    120,
    121,
    122,
    123,
    124,
    125,
    126,
    127,
    128,
    129,
    130,
    131,
    132,
    133,
    134,
    135,
    136,
    137,
    138,
    139,
    140,
    141,
    142,
    143,
    144,
    145,
    146,
    147,
    148,
    149,
    150,
    151,
    152,
    153,
    154,
    155,
    156,
    157,
    158,
    159,
    160,
    161,
    162,
    163,
    164,
    165,
    166,
    167,
    168,
    169,
    170,
    171,
    172,
    173,
    174,
    175,
    176,
    177,
    178,
    179,
    180,
    181
  ],
  "generator_loss": [
    0.7329533696174622,
    0.7392866015434265,
    0.7426875829696655,
    0.74601811170578,
    0.7474706768989563,
    0.7508642077445984,
    0.7545135617256165,
    0.7586506009101868,
    0.7565716505050659,
    0.7612690925598145,
    0.7633103728294373,
    0.7638117074966431,
    0.7670225501060486,
    0.7682720422744751,
    0.7698726058006287,
    0.7727439403533936,
    0.771974503993988,
    0.7728414535522461,
    0.7743337750434875,
    0.7765912413597107,
    0.7774539589881897,
    0.7771916389465332,
    0.7780527472496033,
    0.7791544795036316,
    0.7788629531860352,
    0.7807879447937012,
    0.7814522981643677,
    0.783016562461853,
    0.783988356590271,
    0.7841385006904602,
    0.7846317291259766,
    0.7854270935058594,
    0.7862375974655151,
    0.7869205474853516,
    0.788982093334198,
    0.78696608543396,
    0.7866451144218445,
    0.7875913977622986,
    0.7894178032875061,
    0.7894837856292725,
    0.7915278077125549,
    0.7908283472061157,
    0.7904515862464905,
    0.7914392352104187,
    0.7928506731987,
    0.7926014065742493,
    0.7930944561958313,
    0.7944632768630981,
    0.7937256097793579,
    0.7911355495452881,
    0.7941932082176208,
    0.7940896153450012,
    0.7958717346191406,
    0.7981303334236145,
    0.7973250150680542,
    0.7959367036819458,
    0.7985585331916809,
    0.7968530058860779,
    0.797856330871582,
    0.7988883256912231,
    0.7976711392402649,
    0.7974151968955994,
    0.7975692749023438,
    0.7983646988868713,
    0.7986206412315369,
    0.7998160719871521,
    0.8011093735694885,
    0.7996660470962524,
    0.7991774678230286,
    0.800109326839447,
    0.8005611896514893,
    0.8011919260025024,
    0.7998555898666382,
    0.8032402396202087,
    0.8028810024261475,
    0.8047282695770264,
    0.8035933971405029,
    0.8020703792572021,
    0.8024256825447083,
    0.8022831082344055,
    0.8022692799568176,
    0.8042836785316467,
    0.805121123790741,
    0.8034325242042542,
    0.8033559322357178,
    0.8051741719245911,
    0.8028477430343628,
    0.8025459051132202,
    0.8052867650985718,
    0.8050459027290344,
    0.8065504431724548,
    0.8033598065376282,
    0.8047594428062439,
    0.8064899444580078,
    0.8057159781455994,
    0.8068585991859436,
    0.8048356175422668,
    0.8032878637313843,
    0.8049687743186951,
    0.8018764853477478,
    0.8059194684028625,
    0.8059059977531433,
    0.8071038126945496,
    0.8071463704109192,
    0.8076209425926208,
    0.8069329857826233,
    0.8060475587844849,
    0.8070908784866333,
    0.806036114692688,
    0.8069155812263489,
    0.8082564473152161,
    0.8078699707984924,
    0.8055746555328369,
    0.8080527782440186,
    0.8064070343971252,
    0.8057690858840942,
    0.8073094487190247,
    0.8054960370063782,
    0.8069606423377991,
    0.8083276152610779,
    0.809168815612793,
    0.8077844977378845,
    0.8062808513641357,
    0.8077059984207153,
    0.8068997263908386,
    0.8082067370414734,
    0.8078554272651672,
    0.8084861040115356,
    0.807930588722229,
    0.8084644079208374,
    0.8082085847854614,
    0.8101697564125061,
    0.8087168335914612,
    0.8107907772064209,
    0.8099562525749207,
    0.8097248077392578,
    0.8069971799850464,
    0.8088986873626709,
    0.808191180229187,
    0.8100852966308594,
    0.8102854490280151,
    0.8096278309822083,
    0.8092380166053772,
    0.8110153079032898,
    0.8097085356712341,
    0.8085993528366089,
    0.8119157552719116,
    0.8094796538352966,
    0.8099558353424072,
    0.81080561876297,
    0.8119063973426819,
    0.8111639022827148,
    0.8090104460716248,
    0.8096877336502075,
    0.8108929395675659,
    0.8096675276756287,
    0.8094428777694702,
    0.8099385499954224,
    0.8109586834907532,
    0.8098630309104919,
    0.8107960820198059,
    0.808138906955719,
    0.8098165988922119,
    0.8113231062889099,
    0.8109106421470642,
    0.8093669414520264,
    0.8101294040679932,
    0.8103753924369812,
    0.8104806542396545,
    0.8102219700813293,
    0.8113588094711304,
    0.8087024688720703,
    0.8112075328826904,
    0.810780942440033,
    0.8099951148033142,
    0.8102829456329346,
    0.8126367926597595,
    0.8104763627052307,
    0.8109446167945862,
    0.8121821880340576,
    0.8108776807785034
  ],