{
  "epoch": [
    1,
    2,
    3,
    4,
    5,
    6,
    7,
    8,
    9,
    10,
    11,
    12,
    13,
    14
  ],
  "train_loss": [
    0.05640072375535965,
    0.028209678828716278,
    0.022374751046299934,
    0.02037864737212658,
    0.019564760848879814,
    0.019186828285455704,
    0.018956303596496582,
    0.018748924136161804,
    0.018620261922478676,
    0.01848655939102173,
    0.018366511911153793,
    0.018293116241693497,
    0.01820100098848343,
    0.01811886392533779
  ],
  "test_loss": [
    0.03321775421500206,
    0.024264875799417496,
    0.021048909053206444,
    0.020316755399107933,
    0.019427595660090446,
    0.019579658284783363,
    0.019018299877643585,
    0.018824094906449318,
    0.018833251670002937,
    0.018642982468008995,
    0.01880795881152153,
    0.018461136147379875,
    0.018554167822003365,
    0.01857234165072441
  ]
}