{
  "epoch": [
    1,
    2,
    3,
    4,
    5,
    6,
    7,
    8,
    9,
    10,
    11,
    12,
    13,
    14,
    15,
    16,
    17,
    18,
    19,
    20,
    21,
    22,
    23,
    24,
    25,
    26,
    27,
    28,
    29,
    30,
    31,
    32,
    33,
    34,
    35,
    36,
    37,
    38,
    39,
    40,
    41,
    42,
    43,
    44,
    45,
    46,
    47,
    48,
    49,
    50,
    51,
    52,
    53,
    54,
    55,
    56,
    57,
    58,
    59,
    60,
    61,
    62,
    63,
    64,
    65,
    66,
    67,
    68,
    69,
    70,
    71,
    72,
    73,
    74,
    75,
    76,
    77,
    78,
    79,
    80,
    81,
    82,
    83,
    84,
    85,
    86,
    87,
    88,
    89,
    90,
    91,
    92,
    93,
    94,
    95,
    96,
    97,
    98,
    99,
    100,
    101,
    102,
    103,
    104,
    105,
    106,
    107,
    108,
    109,
    110,
    111,
    112,
    113,
    114,
    115,
    116,
    117,
    118,
    119,
    120,
    121,
    122,
    123,
    124,
    125,
    126,
    127,
    128,
    129,
    130,
    131,
    132,
    133,
    134,
    135,
    136,
    137,
    138,
    139,
    140,
    141,
    142,
    143,
    144,
    145,
    146,
    147,
    148,
    149,
    150,
    151,
    152,
    153,
    154,
    155,
    156,
    157,
    158,
    159,
    160,
    161,
    162,
    163,
    164,
    165,
    166,
    167,
    168,
    169,
    170,
    171,
    172,
    173,
    174,
    175,
    176
  ],
  "generator_loss": [
    0.4305908977985382,
    0.545342206954956,
    0.5674841403961182,
    0.5170494914054871,
    0.46194925904273987,
    0.44233736395835876,
    0.43122750520706177,
    0.4275403916835785,
    0.4122776389122009,
    0.4104955792427063,
    0.4061835706233978,
    0.4081735908985138,
    0.4081416428089142,
    0.4162009656429291,
    0.41393792629241943,
    0.4133996367454529,
    0.41898873448371887,
    0.42090314626693726,
    0.4225232005119324,
    0.4228396415710449,
    0.42595750093460083,
    0.428707093000412,
    0.42989248037338257,
    0.4305472671985626,
    0.43384578824043274,
    0.44017520546913147,
    0.44039052724838257,
    0.4411763548851013,
    0.44506141543388367,
    0.4505363702774048,
    0.45075327157974243,
    0.45141783356666565,
    0.45256680250167847,
    0.45501354336738586,
    0.45636123418807983,
    0.45992884039878845,
    0.463855117559433,
    0.46697452664375305,
    0.46987301111221313,
    0.4674516022205353,
    0.47148561477661133,
    0.47331246733665466,
    0.47400760650634766,
    0.4767008423805237,
    0.47750115394592285,
    0.47831249237060547,
    0.4813995659351349,
    0.48284152150154114,
    0.48289355635643005,
    0.48516762256622314,
    0.4891665577888489,
    0.49220168590545654,
    0.49427637457847595,
    0.49508136510849,
    0.4955886900424957,
    0.5000337958335876,
    0.5018265247344971,
    0.5016170144081116,
    0.5017656683921814,
    0.5023936629295349,
    0.5073270201683044,
    0.5089234113693237,
    0.5100865960121155,
    0.5112601518630981,
    0.5157928466796875,
    0.515143632888794,
    0.5154477953910828,
    0.5183668732643127,
    0.5212821960449219,
    0.5219326615333557,
    0.5234042406082153,
    0.5236486792564392,
    0.5274372100830078,
    0.5309574604034424,
    0.5307449102401733,
    0.5299423933029175,
    0.5348957180976868,
    0.5314430594444275,
    0.5415922403335571,
    0.5364465117454529,
    0.5389742255210876,
    0.542327880859375,
    0.5431171655654907,
    0.5465351939201355,
    0.5456863641738892,
    0.5506508350372314,
    0.5540779829025269,
    0.5535712838172913,
    0.5553032159805298,
    0.558901309967041,
    0.5595556497573853,
    0.5577547550201416,
    0.5610495805740356,
    0.56098473072052,
    0.5665603280067444,
    0.5683422684669495,
    0.5685325860977173,
    0.5702376961708069,
    0.5709594488143921,
    0.5725617408752441,
    0.575695812702179,
    0.572398841381073,
    0.5763275623321533,
    0.5794544816017151,
    0.5796328783035278,
    0.5810425281524658,
    0.5860717296600342,
    0.5860571265220642,
    0.5862400531768799,
    0.5875129699707031,
    0.587620735168457,
    0.591084361076355,
    0.5915419459342957,
    0.5968301892280579,
    0.5951743721961975,
    0.5978845357894897,
    0.5979304909706116,
    0.6020856499671936,
    0.6021990180015564,
    0.6042652130126953,
    0.6052354574203491,
    0.6044663190841675,
    0.6081582307815552,
    0.6087557077407837,
    0.6107838153839111,
    0.6110132932662964,
    0.6123343706130981,
    0.6141682863235474,
    0.6146760582923889,
    0.618604302406311,
    0.6176325678825378,
    0.6200722455978394,
    0.6189869046211243,
    0.6227026581764221,
    0.6248281002044678,
    0.623908519744873,
    0.62809818983078,
    0.6261875033378601,
    0.6276662945747375,
    0.6300742626190186,
    0.629292905330658,
    0.6323843598365784,
    0.6347268223762512,
    0.6328440308570862,
    0.6341466307640076,
    0.6393172144889832,
    0.6386922001838684,
    0.6406534910202026,
    0.6406953930854797,
    0.6410519480705261,
    0.6442317962646484,
    0.6458600163459778,
    0.6476521492004395,
    0.6468339562416077,
    0.6502841711044312,
    0.6486254930496216,
    0.6527115106582642,
    0.6506108045578003,
    0.6504310369491577,
    0.6511991024017334,
    0.6543701887130737,
    0.6563352942466736,
    0.6526952385902405,
    0.6581476926803589,
    0.6589767932891846,
    0.6616246700286865,
    0.6596911549568176,
    0.66078120470047,
    0.6597389578819275,
    0.6619917750358582,
    0.6624487042427063,
    0.6654983758926392,
    0.6638062000274658,
    0.6667078137397766,
    0.6689515709877014,
    0.669731616973877
  ],