{
  "epoch": [
    1,
    2,
    3,
    4,
    5,
    6,
    7,
    8,
    9,
    10,
    11,
    12,
    13,
    14,
    15,
    16,
    17,
    18,
    19,
    20,
    21,
    22,
    23,
    24,
    25,
    26,
    27
  ],
  "train_loss": [
    0.09066060930490494,
    0.041583191603422165,
    0.03366517648100853,
    0.029132025316357613,
    0.0256279855966568,
    0.023820457980036736,
    0.022534778341650963,
    0.021576613187789917,
    0.02092662639915943,
    0.020501840859651566,
    0.020193293690681458,
    0.0199575275182724,
    0.019748125225305557,
    0.019604014232754707,
    0.01948937401175499,
    0.019386261701583862,
    0.01930849812924862,
    0.01922830380499363,
    0.019153809174895287,
    0.019094422459602356,
    0.019035255536437035,
    0.018981190398335457,
    0.018923548981547356,
    0.018879231065511703,
    0.018834087997674942,
    0.01879282295703888,
    0.018756911158561707
  ],
  "test_loss": [
    0.048535898327827454,
    0.037007782608270645,
    0.03144006058573723,
    0.027022428810596466,
    0.02470407634973526,
    0.023158563300967216,
    0.022092139348387718,
    0.021341638639569283,
    0.02086404524743557,
    0.020521167665719986,
    0.020159142091870308,
    0.020142775028944016,
    0.02001165971159935,
    0.019702307879924774,
    0.019610101357102394,
    0.019643137231469154,
    0.019497573375701904,
    0.019335413351655006,
    0.019366906955838203,
    0.019219230860471725,
    0.01912487857043743,
    0.019095096737146378,
    0.01906604878604412,
    0.019023431465029716,
    0.01894145831465721,
    0.01896701566874981,
    0.01899157278239727
  ]
}