{
  "epoch": [
    1,
    2,
    3,
    4,
    5,
    6,
    7,
    8,
    9,
    10,
    11,
    12,
    13,
    14,
    15,
    16,
    17,
    18,
    19,
    20,
    21,
    22,
    23,
    24,
    25,
    26,
    27,
    28,
    29,
    30,
    31,
    32,
    33
  ],
  "train_loss": [
    0.08646878600120544,
    0.04363028332591057,
    0.03518538177013397,
    0.029406920075416565,
    0.02602972649037838,
    0.02384043298661709,
    0.02207755856215954,
    0.020692940801382065,
    0.01955503039062023,
    0.018448134884238243,
    0.01742890477180481,
    0.016625413671135902,
    0.01608411781489849,
    0.015490064397454262,
    0.014950668439269066,
    0.014438669197261333,
    0.014008563943207264,
    0.013617299497127533,
    0.013282130472362041,
    0.012937605381011963,
    0.012630430981516838,
    0.012342180125415325,
    0.012073017656803131,
    0.011806106194853783,
    0.011591523885726929,
    0.01139087788760662,
    0.01120215654373169,
    0.010990174487233162,
    0.010879592970013618,
    0.010717278346419334,
    0.010624758899211884,
    0.010482566431164742,
    0.010394402779638767
  ],
  "test_loss": [
    0.05133846774697304,
    0.038762543350458145,
    0.031646858900785446,
    0.028436828404664993,
    0.025008728727698326,
    0.02306092344224453,
    0.02136903442442417,
    0.020249018445611,
    0.0189447533339262,
    0.017960980534553528,
    0.017222639173269272,
    0.016562750563025475,
    0.016000881791114807,
    0.015564299188554287,
    0.014843015931546688,
    0.014427779242396355,
    0.01385042630136013,
    0.013740813359618187,
    0.013361601158976555,
    0.012981630861759186,
    0.012716688215732574,
    0.012500324286520481,
    0.012030077166855335,
    0.012017687782645226,
    0.0124209551140666,
    0.01157147716730833,
    0.011450625956058502,
    0.01110465545207262,
    0.01105949841439724,
    0.011021319776773453,
    0.01073012501001358,
    0.010738740675151348,
    0.010767786763608456
  ]
}