{
  "epoch": [
    1,
    2,
    3,
    4,
    5,
    6,
    7,
    8,
    9,
    10,
    11,
    12,
    13,
    14,
    15,
    16,
    17,
    18,
    19,
    20,
    21,
    22,
    23,
    24,
    25,
    26,
    27,
    28,
    29,
    30,
    31,
    32,
    33,
    34,
    35,
    36,
    37,
    38,
    39,
    40,
    41,
    42,
    43,
    44,
    45,
    46,
    47,
    48,
    49,
    50,
    51,
    52,
    53,
    54,
    55,
    56,
    57,
    58,
    59,
    60,
    61
  ],
  "train_loss": [
    0.18978539109230042,
    0.05006898194551468,
    0.0345328189432621,
    0.028572052717208862,
    0.02548525482416153,
    0.02356150932610035,
    0.022242767736315727,
    0.021237745881080627,
    0.020442623645067215,
    0.01979552023112774,
    0.019275091588497162,
    0.018820030614733696,
    0.018435459583997726,
    0.018104124814271927,
    0.017799776047468185,
    0.017540134489536285,
    0.01730029098689556,
    0.01709631271660328,
    0.01690109260380268,
    0.016713403165340424,
    0.016553498804569244,
    0.01639789342880249,
    0.01626070775091648,
    0.01612299121916294,
    0.016005663201212883,
    0.015892742201685905,
    0.01579013094305992,
    0.01569383777678013,
    0.015592807903885841,
    0.015493128448724747,
    0.015414963476359844,
    0.015336686745285988,
    0.015249320305883884,
    0.015183685347437859,
    0.015104079619050026,
    0.015038632787764072,
    0.014981577172875404,
    0.014915687963366508,
    0.0148562490940094,
    0.014796304516494274,
    0.014756293036043644,
    0.014694168232381344,
    0.014648492448031902,
    0.014589796774089336,
    0.014553559012711048,
    0.014512221328914165,
    0.014457521960139275,
    0.014413423836231232,
    0.014379703439772129,
    0.014337709173560143,
    0.014307272620499134,
    0.014261708594858646,
    0.014227041974663734,
    0.014194102957844734,
    0.014160464517772198,
    0.014118213206529617,
    0.01409020833671093,
    0.01406292337924242,
    0.014032171107828617,
    0.014000758528709412,
    0.013973046094179153
  ],
  "test_loss": [
    0.06666343659162521,
    0.03790822625160217,
    0.029974350705742836,
    0.025987152010202408,
    0.02378341741859913,
    0.02236972562968731,
    0.021354997530579567,
    0.020647523924708366,
    0.019860541447997093,
    0.01943935826420784,
    0.018933407962322235,
    0.018692409619688988,
    0.018316058441996574,
    0.01807895116508007,
    0.017879005521535873,
    0.017687752842903137,
    0.017398104071617126,
    0.017249349504709244,
    0.017138348892331123,
    0.01695549488067627,
    0.016761135309934616,
    0.01662386953830719,
    0.016587000340223312,
    0.016570819541811943,
    0.01637044921517372,
    0.016204237937927246,
    0.016208555549383163,
    0.016046268865466118,
    0.016046127304434776,
    0.01598326675593853,
    0.015885619446635246,
    0.015843510627746582,
    0.015736212953925133,
    0.015674181282520294,
    0.015621134079992771,
    0.01560203917324543,
    0.015525865368545055,
    0.015480398200452328,
    0.015431435778737068,
    0.015372645109891891,
    0.015411755070090294,
    0.015277701430022717,
    0.015318386256694794,
    0.015210185199975967,
    0.015255868434906006,
    0.015092394314706326,
    0.015066892839968204,
    0.015135704539716244,
    0.015118757262825966,
    0.015035077929496765,
    0.015022320672869682,
    0.014981206506490707,
    0.014970427379012108,
    0.014980874955654144,
    0.014935057610273361,
    0.014853518456220627,
    0.014869407750666142,
    0.014855938963592052,
    0.01479240320622921,
    0.014832139946520329,
    0.014838449656963348
  ]
}