{
  "epoch": [
    1,
    2,
    3,
    4,
    5,
    6,
    7,
    8,
    9,
    10,
    11,
    12,
    13,
    14,
    15,
    16,
    17,
    18,
    19,
    20,
    21,
    22,
    23,
    24,
    25,
    26,
    27,
    28,
    29,
    30,
    31,
    32,
    33,
    34,
    35,
    36,
    37,
    38,
    39,
    40,
    41,
    42,
    43,
    44,
    45,
    46,
    47,
    48,
    49,
    50,
    51,
    52,
    53,
    54,
    55,
    56,
    57,
    58,
    59,
    60,
    61,
    62,
    63,
    64,
    65,
    66,
    67,
    68,
    69,
    70,
    71,
    72,
    73,
    74,
    75,
    76,
    77,
    78,
    79,
    80,
    81,
    82,
    83,
    84,
    85,
    86
  ],
  "train_loss": [
    0.1258315145969391,
    0.06964895129203796,
    0.053769227117300034,
    0.04544378072023392,
    0.04087762162089348,
    0.037532392889261246,
    0.03500402718782425,
    0.03300093486905098,
    0.030893035233020782,
    0.02911456674337387,
    0.027757566422224045,
    0.026548385620117188,
    0.025464367121458054,
    0.024502472952008247,
    0.02359732612967491,
    0.022800367325544357,
    0.0221170075237751,
    0.021513555198907852,
    0.020954785868525505,
    0.02042403630912304,
    0.019902778789401054,
    0.019368799403309822,
    0.01885850541293621,
    0.018348420038819313,
    0.01793893799185753,
    0.01757359504699707,
    0.017277104780077934,
    0.016984866932034492,
    0.01671471633017063,
    0.016439640894532204,
    0.01616353914141655,
    0.015877634286880493,
    0.01562846638262272,
    0.015390832908451557,
    0.015171866863965988,
    0.01496380940079689,
    0.014769149012863636,
    0.014578263275325298,
    0.014395078644156456,
    0.014228512533009052,
    0.014063354581594467,
    0.013887571170926094,
    0.013724295422434807,
    0.013568404130637646,
    0.013403702527284622,
    0.013261724263429642,
    0.013141400180757046,
    0.013025086373090744,
    0.012900352478027344,
    0.012791208922863007,
    0.012677735649049282,
    0.012568567879498005,
    0.012450708076357841,
    0.012349081225693226,
    0.01225007139146328,
    0.01214708760380745,
    0.012040501460433006,
    0.011946095153689384,
    0.011850518174469471,
    0.011774946935474873,
    0.01168083492666483,
    0.011601977050304413,
    0.011507207527756691,
    0.011426575481891632,
    0.011338903568685055,
    0.011251146905124187,
    0.01117599569261074,
    0.011105379089713097,
    0.01103685237467289,
    0.010976823978126049,
    0.010906429030001163,
    0.010845601558685303,
    0.01079690270125866,
    0.010738068260252476,
    0.010699535720050335,
    0.01063979510217905,
    0.010603770613670349,
    0.0105628976598382,
    0.01053441222757101,
    0.010489367879927158,
    0.0104606244713068,
    0.01043721940368414,
    0.010392412543296814,
    0.010375124402344227,
    0.010353593155741692,
    0.010331137105822563
  ],
  "test_loss": [
    0.08230338990688324,
    0.06004761904478073,
    0.04901902750134468,
    0.042775709182024,
    0.03927945718169212,
    0.03610212355852127,
    0.03417234867811203,
    0.032177913933992386,
    0.0319848358631134,
    0.028884029015898705,
    0.02739119715988636,
    0.026729650795459747,
    0.025165893137454987,
    0.024296140298247337,
    0.02319145016372204,
    0.022742582485079765,
    0.022123759612441063,
    0.021259138360619545,
    0.020889200270175934,
    0.020199745893478394,
    0.019698139280080795,
    0.020167265087366104,
    0.01872781291604042,
    0.01822756789624691,
    0.017799656838178635,
    0.017509857192635536,
    0.017287984490394592,
    0.016881437972187996,
    0.016718583181500435,
    0.016459103673696518,
    0.016054054722189903,
    0.01583760976791382,
    0.015650521963834763,
    0.015440589748322964,
    0.015180259943008423,
    0.014957084320485592,
    0.014808603562414646,
    0.014579636044800282,
    0.014372989535331726,
    0.014221016317605972,
    0.014174871146678925,
    0.013899201527237892,
    0.013755163177847862,
    0.013609809800982475,
    0.013504655100405216,
    0.013322324492037296,
    0.013198845088481903,
    0.013133147731423378,
    0.012945981696248055,
    0.013032650575041771,
    0.012825218960642815,
    0.01269755233079195,
    0.012575257569551468,
    0.012425737455487251,
    0.012496037408709526,
    0.012213614769279957,
    0.012113279663026333,
    0.012011364102363586,
    0.011865834705531597,
    0.012099000625312328,
    0.011725549586117268,
    0.011607290245592594,
    0.011743358336389065,
    0.011551654897630215,
    0.011632880195975304,
    0.011366174556314945,
    0.011317335069179535,
    0.011199639178812504,
    0.011141845025122166,
    0.01131668034940958,
    0.011095661669969559,
    0.01090989075601101,
    0.010857679881155491,
    0.010810885578393936,
    0.010968735441565514,
    0.010866307653486729,
    0.010947535745799541,
    0.01065506599843502,
    0.010730990208685398,
    0.010574784129858017,
    0.010535698384046555,
    0.01050593238323927,
    0.010517156682908535,
    0.010479427874088287,
    0.010480230674147606,
    0.010570977814495564
  ]
}