{
  "epoch": [
    1,
    2,
    3,
    4,
    5,
    6,
    7,
    8,
    9,
    10,
    11,
    12,
    13,
    14,
    15,
    16,
    17,
    18,
    19,
    20,
    21,
    22,
    23,
    24,
    25,
    26,
    27,
    28,
    29,
    30,
    31,
    32
  ],
  "train_loss": [
    0.14086726307868958,
    0.07940840721130371,
    0.06760414689779282,
    0.06213022768497467,
    0.058863501995801926,
    0.056571949273347855,
    0.05481534078717232,
    0.053513046354055405,
    0.052413396537303925,
    0.05154891684651375,
    0.05068526789546013,
    0.05002058297395706,
    0.049285657703876495,
    0.048714183270931244,
    0.048391085118055344,
    0.04785258322954178,
    0.047299109399318695,
    0.04699275270104408,
    0.046696726232767105,
    0.04627025127410889,
    0.04596095159649849,
    0.045624665915966034,
    0.045452043414115906,
    0.04511892423033714,
    0.04496297985315323,
    0.044678278267383575,
    0.04447660595178604,
    0.044270165264606476,
    0.04417562857270241,
    0.0438716784119606,
    0.043787192553281784,
    0.043660968542099
  ],
  "test_loss": [
    0.08923673629760742,
    0.06930901110172272,
    0.06258515268564224,
    0.05833309888839722,
    0.05650988221168518,
    0.05447717010974884,
    0.05320224165916443,
    0.05210578814148903,
    0.05130649358034134,
    0.0502324104309082,
    0.050483595579862595,
    0.04944011569023132,
    0.04903259128332138,
    0.047752752900123596,
    0.048488132655620575,
    0.04710063710808754,
    0.04772184044122696,
    0.04602012038230896,
    0.04722065106034279,
    0.046563517302274704,
    0.04503342881798744,
    0.04691842198371887,
    0.045210860669612885,
    0.044727884232997894,
    0.04472190886735916,
    0.04427850991487503,
    0.044070035219192505,
    0.04377411678433418,
    0.043865326792001724,
    0.04337872937321663,
    0.044284455478191376,
    0.044528212398290634
  ]
}