{
  "epoch": [
    1,
    2,
    3,
    4,
    5,
    6,
    7,
    8,
    9,
    10,
    11,
    12,
    13,
    14,
    15,
    16,
    17,
    18,
    19,
    20,
    21,
    22,
    23,
    24,
    25,
    26,
    27,
    28,
    29,
    30,
    31,
    32,
    33,
    34,
    35,
    36,
    37,
    38,
    39,
    40,
    41,
    42,
    43,
    44,
    45,
    46,
    47,
    48,
    49,
    50,
    51,
    52,
    53,
    54,
    55,
    56,
    57,
    58,
    59,
    60,
    61,
    62,
    63,
    64,
    65,
    66,
    67,
    68,
    69,
    70,
    71,
    72,
    73,
    74,
    75,
    76,
    77,
    78,
    79,
    80,
    81,
    82,
    83,
    84,
    85,
    86,
    87,
    88,
    89,
    90,
    91,
    92,
    93,
    94,
    95,
    96,
    97,
    98,
    99,
    100,
    101,
    102,
    103,
    104,
    105,
    106,
    107,
    108,
    109,
    110,
    111,
    112,
    113,
    114,
    115,
    116,
    117,
    118,
    119,
    120,
    121,
    122,
    123,
    124,
    125,
    126,
    127,
    128,
    129,
    130,
    131,
    132,
    133,
    134,
    135,
    136,
    137,
    138,
    139,
    140,
    141,
    142,
    143,
    144,
    145,
    146,
    147,
    148,
    149,
    150,
    151,
    152,
    153,
    154,
    155,
    156,
    157,
    158,
    159,
    160,
    161,
    162,
    163,
    164,
    165
  ],
  "generator_loss": [
    0.8261761665344238,
    0.8234498500823975,
    0.8237354159355164,
    0.8205220699310303,
    0.8213847279548645,
    0.8209855556488037,
    0.8182331323623657,
    0.8164358139038086,
    0.8158308863639832,
    0.8169944882392883,
    0.8148890137672424,
    0.8134284615516663,
    0.8143569231033325,
    0.8129507303237915,
    0.812424898147583,
    0.8118346929550171,
    0.8087710738182068,
    0.8092948794364929,
    0.8098310828208923,
    0.8082603812217712,
    0.8096232414245605,
    0.8083611726760864,
    0.8072523474693298,
    0.8088012337684631,
    0.8061578869819641,
    0.8073719143867493,
    0.8067567944526672,
    0.8045834898948669,
    0.8045676350593567,
    0.8052361011505127,
    0.8054659962654114,
    0.8070201873779297,
    0.8045322299003601,
    0.8050776124000549,
    0.8048277497291565,
    0.8027647137641907,
    0.8042835593223572,
    0.8047859072685242,
    0.8054099082946777,
    0.8044182658195496,
    0.8037869334220886,
    0.8037967085838318,
    0.8028042316436768,
    0.8024294972419739,
    0.803475022315979,
    0.804305374622345,
    0.8049446940422058,
    0.802679717540741,
    0.8042898774147034,
    0.8025397658348083,
    0.8036001920700073,
    0.8040522336959839,
    0.8023721575737,
    0.8023421168327332,
    0.8054068684577942,
    0.8042101860046387,
    0.8030726909637451,
    0.8029548525810242,
    0.8036102056503296,
    0.8020508885383606,
    0.8014010787010193,
    0.8025738596916199,
    0.80324387550354,
    0.8033521175384521,
    0.8017955422401428,
    0.8012843728065491,
    0.8017973303794861,
    0.8022830486297607,
    0.8040967583656311,
    0.8010650873184204,
    0.8027248382568359,
    0.8039712309837341,
    0.8037764430046082,
    0.8036316633224487,
    0.8034979701042175,
    0.8006837964057922,
    0.8036862015724182,
    0.8037095069885254,
    0.8030861616134644,
    0.8032501935958862,
    0.8047924637794495,
    0.8034042716026306,
    0.8029477000236511,
    0.8034836053848267,
    0.804064929485321,
    0.804030179977417,
    0.804048478603363,
    0.8030347228050232,
    0.8037940263748169,
    0.8034721612930298,
    0.8013108968734741,
    0.802725613117218,
    0.8045992255210876,
    0.8031432032585144,
    0.802086591720581,
    0.8044193387031555,
    0.8034676909446716,
    0.8044291138648987,
    0.8031772971153259,
    0.8028882145881653,
    0.8022465109825134,
    0.8051930665969849,
    0.8044799566268921,
    0.8052890300750732,
    0.804611086845398,
    0.8028775453567505,
    0.8020670413970947,
    0.8039191961288452,
    0.8036792278289795,
    0.8048145771026611,
    0.805223286151886,
    0.8027053475379944,
    0.8024275302886963,
    0.8041104674339294,
    0.8031339049339294,
    0.8035969138145447,
    0.8058418035507202,
    0.8036555647850037,
    0.8034053444862366,
    0.8045011162757874,
    0.8033050298690796,
    0.805259108543396,
    0.8041954040527344,
    0.8054407238960266,
    0.8041074872016907,
    0.8043177723884583,
    0.8036731481552124,
    0.804635763168335,
    0.8066655993461609,
    0.8053706288337708,
    0.8040784597396851,
    0.8064929842948914,
    0.8060040473937988,
    0.8057896494865417,
    0.8059612512588501,
    0.8067216277122498,
    0.8060371279716492,
    0.806281566619873,
    0.8052160143852234,
    0.8068732619285583,
    0.8048928380012512,
    0.8068874478340149,
    0.8065904378890991,
    0.8048508167266846,
    0.8047550916671753,
    0.8056222796440125,
    0.8058299422264099,
    0.8063363432884216,
    0.8063593506813049,
    0.8065291047096252,
    0.805331289768219,
    0.805604875087738,
    0.8062970638275146,
    0.8052916526794434,
    0.8054211139678955,
    0.8045520186424255,
    0.806731641292572,
    0.8065823316574097,
    0.8056113719940186,
    0.8040074110031128,
    0.8051562309265137,
    0.8056752681732178,
    0.8051497936248779,
    0.8049670457839966,
    0.8058799505233765
  ],