{
  "epoch": [
    1,
    2,
    3,
    4,
    5,
    6,
    7,
    8,
    9,
    10,
    11,
    12,
    13,
    14,
    15,
    16,
    17,
    18,
    19,
    20,
    21,
    22,
    23,
    24,
    25,
    26,
    27,
    28,
    29,
    30,
    31,
    32,
    33,
    34,
    35
  ],
  "train_loss": [
    0.0791366919875145,
    0.04122982546687126,
    0.03293415904045105,
    0.028015989810228348,
    0.025187663733959198,
    0.022980311885476112,
    0.021257078275084496,
    0.019850468263030052,
    0.018533699214458466,
    0.01746826246380806,
    0.016681110486388206,
    0.015991561114788055,
    0.015355542302131653,
    0.014670975506305695,
    0.014166166074573994,
    0.013663854449987411,
    0.013254914432764053,
    0.012889538891613483,
    0.012593642808496952,
    0.012249951250851154,
    0.011972175911068916,
    0.011695688590407372,
    0.011460691690444946,
    0.011267228983342648,
    0.011063181795179844,
    0.010928875766694546,
    0.010741692036390305,
    0.010597281157970428,
    0.010490117594599724,
    0.010368413291871548,
    0.010251777246594429,
    0.010208584368228912,
    0.010078418999910355,
    0.010053974576294422,
    0.009969053789973259
  ],
  "test_loss": [
    0.04871790111064911,
    0.036255307495594025,
    0.03085346892476082,
    0.026987919583916664,
    0.0243449117988348,
    0.022003762423992157,
    0.020670747384428978,
    0.019351914525032043,
    0.01828658953309059,
    0.01777692325413227,
    0.016550084576010704,
    0.015863390639424324,
    0.015148448757827282,
    0.01463900413364172,
    0.014721396379172802,
    0.013959458097815514,
    0.013351693749427795,
    0.01315942220389843,
    0.012537838891148567,
    0.0126064857468009,
    0.012232638895511627,
    0.011835038661956787,
    0.01196302566677332,
    0.011579790152609348,
    0.011627706699073315,
    0.011064834892749786,
    0.011143832467496395,
    0.011035437695682049,
    0.010822230018675327,
    0.010724412277340889,
    0.010484389029443264,
    0.010341506451368332,
    0.01033303514122963,
    0.01039469800889492,
    0.010509324260056019
  ]
}