{
  "epoch": [
    1,
    2,
    3,
    4,
    5,
    6,
    7,
    8,
    9,
    10,
    11,
    12,
    13,
    14,
    15,
    16,
    17,
    18,
    19,
    20,
    21,
    22,
    23,
    24,
    25,
    26,
    27,
    28,
    29,
    30,
    31,
    32,
    33,
    34,
    35,
    36,
    37,
    38,
    39,
    40,
    41,
    42,
    43,
    44,
    45,
    46,
    47,
    48,
    49,
    50,
    51,
    52,
    53,
    54,
    55,
    56,
    57,
    58,
    59,
    60,
    61,
    62,
    63,
    64,
    65,
    66,
    67,
    68,
    69,
    70,
    71,
    72,
    73,
    74,
    75,
    76,
    77,
    78,
    79,
    80,
    81,
    82,
    83,
    84,
    85,
    86,
    87,
    88,
    89,
    90,
    91,
    92,
    93,
    94,
    95,
    96,
    97,
    98,
    99,
    100,
    101,
    102,
    103,
    104,
    105,
    106,
    107,
    108,
    109,
    110,
    111,
    112,
    113,
    114,
    115,
    116,
    117,
    118,
    119,
    120,
    121,
    122,
    123,
    124,
    125,
    126,
    127,
    128,
    129,
    130,
    131,
    132
  ],
  "generator_loss": [
    0.6547253131866455,
    0.6538720726966858,
    0.6565724611282349,
    0.6576941609382629,
    0.6585403680801392,
    0.6565593481063843,
    0.659816324710846,
    0.6609154939651489,
    0.6612864136695862,
    0.6582372188568115,
    0.6623675227165222,
    0.6617884039878845,
    0.6631869077682495,
    0.6619964241981506,
    0.6641547083854675,
    0.6647743582725525,
    0.6675376892089844,
    0.6674904227256775,
    0.6679104566574097,
    0.669868528842926,
    0.6694159507751465,
    0.670073926448822,
    0.6697826981544495,
    0.6726071834564209,
    0.674156904220581,
    0.6760639548301697,
    0.6756167411804199,
    0.6771280169487,
    0.6775816082954407,
    0.6795836687088013,
    0.6777852177619934,
    0.6792751550674438,
    0.6788721680641174,
    0.6818504333496094,
    0.6839180588722229,
    0.6816981434822083,
    0.6853950619697571,
    0.6856578588485718,
    0.6857139468193054,
    0.6883134841918945,
    0.6885034441947937,
    0.6884117722511292,
    0.6908833384513855,
    0.6900733113288879,
    0.6905510425567627,
    0.693597674369812,
    0.6937756538391113,
    0.6951403617858887,
    0.6937413215637207,
    0.6958106756210327,
    0.698002815246582,
    0.6969115734100342,
    0.697271466255188,
    0.6982965469360352,
    0.6985617280006409,
    0.7006620764732361,
    0.7002710700035095,
    0.700007438659668,
    0.7016217708587646,
    0.7046217322349548,
    0.7080278992652893,
    0.7055149078369141,
    0.7090375423431396,
    0.7086552381515503,
    0.7102645635604858,
    0.7103993892669678,
    0.7120537161827087,
    0.7097010612487793,
    0.7120639681816101,
    0.7131572961807251,
    0.7134936451911926,
    0.7137640118598938,
    0.715696394443512,
    0.7154771089553833,
    0.7164768576622009,
    0.7215543389320374,
    0.720352053642273,
    0.7186901569366455,
    0.7237774133682251,
    0.721707284450531,
    0.7216174006462097,
    0.7224396467208862,
    0.722977876663208,
    0.7243922352790833,
    0.7227447628974915,
    0.7233498096466064,
    0.7229194641113281,
    0.7283573746681213,
    0.7292670011520386,
    0.7290144562721252,
    0.7281664609909058,
    0.7332905530929565,
    0.7303735613822937,
    0.7287890315055847,
    0.733163595199585,
    0.7334915399551392,
    0.7363119721412659,
    0.7357398867607117,
    0.7367345094680786,
    0.738576352596283,
    0.7418439388275146,
    0.7387980222702026,
    0.7401109933853149,
    0.737592339515686,
    0.737245500087738,
    0.7385103106498718,
    0.7395157217979431,
    0.7417559623718262,
    0.7432611584663391,
    0.74504154920578,
    0.7466459274291992,
    0.7441569566726685,
    0.745353102684021,
    0.7463042140007019,
    0.747248649597168,
    0.7459174990653992,
    0.7473306059837341,
    0.7481425404548645,
    0.7477438449859619,
    0.7504310607910156,
    0.7516171932220459,
    0.7510263323783875,
    0.7505419850349426,
    0.7483310103416443,
    0.7499145269393921,
    0.750080406665802,
    0.7523603439331055,
    0.7557070851325989,
    0.7543699741363525,
    0.7592899799346924,
    0.7552582025527954,
    0.757191002368927
  ],
  "discriminator_loss": [
    0.1934468001127243,
    0.19458863139152527,
    0.19641496241092682,
    0.19372613728046417,
    0.19296444952487946,
    0.19268012046813965,
    0.19263480603694916,
    0.1905980259180069,
    0.1919308304786682,
    0.19229109585285187,
    0.19084002077579498,
    0.19123928248882294,
    0.18997855484485626,
    0.19133920967578888,
    0.1903022974729538,
    0.18789109587669373,
    0.18775750696659088,
    0.18745237588882446,
    0.1860322654247284,
    0.1864931583404541,
    0.1851647049188614,
    0.18496035039424896,
    0.18650217354297638,
    0.1825692355632782,
    0.18384979665279388,
    0.1831187903881073,
    0.18125766515731812,
    0.18023841083049774,
    0.18069516122341156,
    0.18045684695243835,
    0.1800125390291214,
    0.17885996401309967,
    0.17979387938976288,
    0.1785089671611786,
    0.1756923347711563,
    0.1797688752412796,
    0.1761169284582138,
    0.17438630759716034,
    0.17642490565776825,
    0.17485639452934265,
    0.1750764399766922,
    0.17507827281951904,
    0.1738581508398056,
    0.17329446971416473,
    0.17181454598903656,
    0.17125624418258667,
    0.1712522804737091,
    0.1699768304824829,
    0.17036043107509613,
    0.17018620669841766,
    0.16889545321464539,
    0.1687752902507782,
    0.1686733067035675,
    0.1681096851825714,
    0.1676935851573944,
    0.1672268956899643,
    0.16779057681560516,
    0.16651850938796997,
    0.16384287178516388,
    0.1640511006116867,
    0.16282828152179718,
    0.1631007194519043,
    0.163920596241951,
    0.16300995647907257,
    0.1622808426618576,
    0.16116854548454285,
    0.15986856818199158,
    0.160678431391716,
    0.15760649740695953,
    0.15903617441654205,
    0.16011159121990204,
    0.15893104672431946,
    0.15801513195037842,
    0.15753871202468872,
    0.15677078068256378,
    0.1556117981672287,
    0.15578430891036987,
    0.15526539087295532,
    0.15405075252056122,
    0.15530610084533691,
    0.1555766761302948,
    0.1550685465335846,
    0.15443263947963715,
    0.15387862920761108,
    0.15372668206691742,
    0.15273873507976532,
    0.1533443033695221,
    0.15129603445529938,
    0.1497424989938736,
    0.15105555951595306,
    0.14998756349086761,
    0.14842867851257324,
    0.14773531258106232,
    0.1497935801744461,
    0.14706522226333618,
    0.1474951207637787,
    0.14590124785900116,
    0.1464429646730423,
    0.1461752951145172,
    0.147096648812294,
    0.14444981515407562,
    0.14331229031085968,
    0.14392688870429993,
    0.14409083127975464,
    0.14446382224559784,
    0.14565448462963104,
    0.14231529831886292,
    0.14246656000614166,
    0.1416795700788498,
    0.14195303618907928,
    0.1417044699192047,
    0.14129528403282166,
    0.14089764654636383,
    0.13967807590961456,
    0.13923266530036926,
    0.1388676017522812,
    0.14100028574466705,
    0.1402394026517868,
    0.13940270245075226,
    0.1376587152481079,
    0.13736677169799805,
    0.13893812894821167,
    0.13724200427532196,
    0.13909228146076202,
    0.1380196064710617,
    0.13785889744758606,
    0.13445404171943665,
    0.1340404599905014,
    0.13571271300315857,
    0.1336030662059784,
    0.13579824566841125,
    0.13407780230045319
  ],