{
  "epoch": [
    1,
    2,
    3,
    4,
    5,
    6,
    7,
    8,
    9,
    10,
    11,
    12,
    13,
    14,
    15,
    16,
    17,
    18,
    19,
    20,
    21,
    22,
    23,
    24,
    25,
    26,
    27,
    28,
    29,
    30,
    31,
    32
  ],
  "train_loss": [
    0.1717049926519394,
    0.09755919128656387,
    0.08127275109291077,
    0.07218434661626816,
    0.06657630950212479,
    0.06327357888221741,
    0.060797713696956635,
    0.05886115878820419,
    0.05728975310921669,
    0.055954329669475555,
    0.054875340312719345,
    0.053975652903318405,
    0.05316254869103432,
    0.05244814604520798,
    0.05178654193878174,
    0.051206715404987335,
    0.05066428706049919,
    0.05012139305472374,
    0.04967878758907318,
    0.04910882189869881,
    0.048761799931526184,
    0.04834980517625809,
    0.048009756952524185,
    0.04761160910129547,
    0.04722274839878082,
    0.046916648745536804,
    0.04660099372267723,
    0.046275630593299866,
    0.04601457342505455,
    0.04568365216255188,
    0.04550521820783615,
    0.0452093631029129
  ],
  "test_loss": [
    0.1078849583864212,
    0.0855279266834259,
    0.0743565782904625,
    0.06644082814455032,
    0.06307180225849152,
    0.060261063277721405,
    0.057829830795526505,
    0.056941401213407516,
    0.055488549172878265,
    0.05451009050011635,
    0.053316615521907806,
    0.052296366542577744,
    0.0513615645468235,
    0.05167905241250992,
    0.05094233155250549,
    0.05032401531934738,
    0.05009903386235237,
    0.049795061349868774,
    0.04870663583278656,
    0.04904522746801376,
    0.04784484952688217,
    0.04749292507767677,
    0.04717690125107765,
    0.04657246544957161,
    0.046702396124601364,
    0.04637453332543373,
    0.046155594289302826,
    0.046039313077926636,
    0.046027667820453644,
    0.045049719512462616,
    0.045216917991638184,
    0.04529765993356705
  ]
}