{
  "epoch": [
    1,
    2,
    3,
    4,
    5,
    6,
    7,
    8,
    9,
    10,
    11,
    12,
    13,
    14,
    15,
    16,
    17,
    18,
    19,
    20,
    21,
    22,
    23,
    24,
    25,
    26,
    27,
    28,
    29,
    30,
    31,
    32,
    33,
    34,
    35,
    36,
    37,
    38,
    39,
    40,
    41,
    42,
    43,
    44,
    45,
    46,
    47,
    48,
    49,
    50,
    51,
    52,
    53,
    54,
    55,
    56,
    57,
    58,
    59,
    60,
    61,
    62,
    63
  ],
  "train_loss": [
    0.1381036639213562,
    0.09224874526262283,
    0.08426287770271301,
    0.07888967543840408,
    0.07566457241773605,
    0.07365549355745316,
    0.07201831042766571,
    0.07130488753318787,
    0.0709957480430603,
    0.07083053886890411,
    0.07072795927524567,
    0.07063091546297073,
    0.07055193930864334,
    0.0704752504825592,
    0.07041944563388824,
    0.0703592449426651,
    0.07030723989009857,
    0.07024015486240387,
    0.07015938311815262,
    0.07014631479978561,
    0.07007694244384766,
    0.07001250982284546,
    0.06995557993650436,
    0.06988653540611267,
    0.06979423761367798,
    0.06970531493425369,
    0.06962578743696213,
    0.06951575726270676,
    0.06938152760267258,
    0.06920339912176132,
    0.06909950822591782,
    0.06899312138557434,
    0.06890452653169632,
    0.06882384419441223,
    0.06875549256801605,
    0.06870822608470917,
    0.06864640861749649,
    0.06861313432455063,
    0.06856977194547653,
    0.06850741803646088,
    0.06845921277999878,
    0.06843026727437973,
    0.06838063150644302,
    0.06833763420581818,
    0.06831157952547073,
    0.06826816499233246,
    0.06823164224624634,
    0.06820221990346909,
    0.06815537810325623,
    0.06811321526765823,
    0.0680767074227333,
    0.0680595338344574,
    0.06802450865507126,
    0.06798822432756424,
    0.06795518100261688,
    0.06793773919343948,
    0.06790328770875931,
    0.06787462532520294,
    0.06785201281309128,
    0.06783586740493774,
    0.06780187040567398,
    0.06777816265821457,
    0.06774534285068512
  ],
  "test_loss": [
    0.10025370121002197,
    0.08789509534835815,
    0.08169705420732498,
    0.07724395394325256,
    0.07494199275970459,
    0.07309828698635101,
    0.07187121361494064,
    0.07143636047840118,
    0.07124903798103333,
    0.07110758125782013,
    0.07103528827428818,
    0.0708690658211708,
    0.07082632184028625,
    0.07079052925109863,
    0.0708247497677803,
    0.07064751535654068,
    0.0706014484167099,
    0.07062719762325287,
    0.07051181048154831,
    0.07060890644788742,
    0.0704006552696228,
    0.07054292410612106,
    0.07034652680158615,
    0.07022572308778763,
    0.07018899917602539,
    0.07016792893409729,
    0.07002124935388565,
    0.06987696141004562,
    0.0697663277387619,
    0.06953707337379456,
    0.06950604915618896,
    0.06940791755914688,
    0.069337859749794,
    0.06922146677970886,
    0.06921233981847763,
    0.0691588968038559,
    0.06913971900939941,
    0.06906059384346008,
    0.06910523027181625,
    0.0690717026591301,
    0.06902924180030823,
    0.06884495168924332,
    0.0689261183142662,
    0.06878095865249634,
    0.06876888126134872,
    0.06879380345344543,
    0.06870561093091965,
    0.06871165335178375,
    0.06867285817861557,
    0.06867346912622452,
    0.06859070062637329,
    0.06859996914863586,
    0.06855577230453491,
    0.06852253526449203,
    0.06855017691850662,
    0.06854361295700073,
    0.06844749301671982,
    0.06839117407798767,
    0.06837573647499084,
    0.06837829947471619,
    0.06832937151193619,
    0.06836432963609695,
    0.06838101148605347
  ]
}