{
  "epoch": [
    1,
    2,
    3,
    4,
    5,
    6,
    7,
    8,
    9,
    10,
    11,
    12,
    13,
    14,
    15,
    16,
    17,
    18,
    19,
    20,
    21,
    22,
    23,
    24,
    25,
    26,
    27,
    28,
    29,
    30,
    31,
    32,
    33,
    34,
    35,
    36,
    37,
    38,
    39,
    40,
    41,
    42,
    43,
    44,
    45,
    46,
    47,
    48,
    49,
    50,
    51,
    52,
    53,
    54,
    55,
    56,
    57,
    58,
    59,
    60,
    61,
    62,
    63,
    64,
    65,
    66,
    67,
    68,
    69,
    70,
    71,
    72,
    73,
    74,
    75,
    76,
    77
  ],
  "train_loss": [
    0.13036517798900604,
    0.07094572484493256,
    0.0565982349216938,
    0.049483198672533035,
    0.04452433064579964,
    0.04081970825791359,
    0.0374673530459404,
    0.03507328778505325,
    0.033322978764772415,
    0.03176005557179451,
    0.030116768553853035,
    0.02865099161863327,
    0.027480661869049072,
    0.026455184444785118,
    0.02554050087928772,
    0.024660829454660416,
    0.02385091967880726,
    0.02312854677438736,
    0.02248525060713291,
    0.02188115380704403,
    0.021287761628627777,
    0.020761040970683098,
    0.02029643952846527,
    0.019877580925822258,
    0.019461417570710182,
    0.01904628984630108,
    0.018645677715539932,
    0.01825401745736599,
    0.01788126863539219,
    0.017556091770529747,
    0.017262229695916176,
    0.016989627853035927,
    0.01673794537782669,
    0.01646779477596283,
    0.01622508093714714,
    0.015982381999492645,
    0.015745682641863823,
    0.01554781198501587,
    0.015356866642832756,
    0.015168036334216595,
    0.015008961781859398,
    0.014839906245470047,
    0.014655212871730328,
    0.014481903053820133,
    0.01431426964700222,
    0.014150149188935757,
    0.013994875364005566,
    0.013842376880347729,
    0.013706239871680737,
    0.013571538031101227,
    0.013435442000627518,
    0.013305127620697021,
    0.013174199499189854,
    0.013040188699960709,
    0.012921500019729137,
    0.012818033806979656,
    0.012719501741230488,
    0.012621225789189339,
    0.012535902671515942,
    0.012453005649149418,
    0.012350724078714848,
    0.01226387731730938,
    0.012183918617665768,
    0.012092453427612782,
    0.012013554573059082,
    0.011946087703108788,
    0.011867135763168335,
    0.011786636896431446,
    0.011730745434761047,
    0.011656590737402439,
    0.011597529985010624,
    0.011534198187291622,
    0.01147830206900835,
    0.01140597928315401,
    0.011349812150001526,
    0.011284781619906425,
    0.011224127374589443
  ],
  "test_loss": [
    0.08330249041318893,
    0.06235608085989952,
    0.05223102867603302,
    0.046991538256406784,
    0.04258628562092781,
    0.03913316875696182,
    0.03619721904397011,
    0.034228887408971786,
    0.03262916952371597,
    0.0310784000903368,
    0.02959199994802475,
    0.028310837224125862,
    0.027055753394961357,
    0.026092996820807457,
    0.025428757071495056,
    0.024324515834450722,
    0.023542053997516632,
    0.022903013974428177,
    0.02226204238831997,
    0.021627405658364296,
    0.021117841824889183,
    0.02055259607732296,
    0.020163442939519882,
    0.01984490267932415,
    0.01929430663585663,
    0.018975533545017242,
    0.01855594478547573,
    0.018137138336896896,
    0.018075929954648018,
    0.01753806695342064,
    0.0173291377723217,
    0.01694895140826702,
    0.01667911931872368,
    0.016445385292172432,
    0.01617502048611641,
    0.015989553183317184,
    0.01576971635222435,
    0.015576889738440514,
    0.015309538692235947,
    0.015340641140937805,
    0.015011158771812916,
    0.014818595722317696,
    0.014648531563580036,
    0.014567011035978794,
    0.014313172549009323,
    0.014165559783577919,
    0.014097522012889385,
    0.013979124836623669,
    0.013814018107950687,
    0.013593905605375767,
    0.013481566682457924,
    0.013336330652236938,
    0.013352006673812866,
    0.013100371696054935,
    0.013037802651524544,
    0.012799343094229698,
    0.012819222174584866,
    0.012769289314746857,
    0.01268293708562851,
    0.012635446153581142,
    0.01245027780532837,
    0.012431702576577663,
    0.012284637428820133,
    0.012203458696603775,
    0.012233872897922993,
    0.012042725458741188,
    0.011887967586517334,
    0.011855163611471653,
    0.011780244298279285,
    0.011747251264750957,
    0.011983128264546394,
    0.011650128290057182,
    0.011599039658904076,
    0.01164259947836399,
    0.01163433026522398,
    0.011372942477464676,
    0.011290017515420914
  ]
}