{
  "epoch": [
    1,
    2,
    3,
    4,
    5,
    6,
    7,
    8,
    9,
    10,
    11,
    12,
    13,
    14,
    15,
    16,
    17,
    18,
    19,
    20,
    21,
    22,
    23,
    24,
    25,
    26,
    27,
    28,
    29,
    30,
    31,
    32,
    33,
    34,
    35,
    36,
    37,
    38,
    39,
    40,
    41,
    42,
    43,
    44
  ],
  "train_loss": [
    0.07768522948026657,
    0.0397917814552784,
    0.031420573592185974,
    0.02679346688091755,
    0.02401738055050373,
    0.021989090368151665,
    0.020406996831297874,
    0.019025197252631187,
    0.017642121762037277,
    0.016745148226618767,
    0.0160988662391901,
    0.015432716347277164,
    0.01473742164671421,
    0.014167474582791328,
    0.01361059583723545,
    0.013161230832338333,
    0.01275569386780262,
    0.012463598512113094,
    0.01214924268424511,
    0.011884539388120174,
    0.01164813619107008,
    0.011428754776716232,
    0.011211533099412918,
    0.010992838069796562,
    0.010836774483323097,
    0.010666524060070515,
    0.010481121018528938,
    0.010373355820775032,
    0.010308352299034595,
    0.010203967802226543,
    0.010086641646921635,
    0.010064281523227692,
    0.009978272020816803,
    0.00991111807525158,
    0.009869434870779514,
    0.009806963615119457,
    0.009759539738297462,
    0.009726702235639095,
    0.009673306718468666,
    0.009641261771321297,
    0.0096059525385499,
    0.009559319354593754,
    0.009535742923617363,
    0.009526535868644714
  ],
  "test_loss": [
    0.045692022889852524,
    0.03511757403612137,
    0.028839005157351494,
    0.02772824838757515,
    0.023196762427687645,
    0.021279146894812584,
    0.01975293643772602,
    0.018954947590827942,
    0.017467841506004333,
    0.01707790046930313,
    0.016185523942112923,
    0.015930885449051857,
    0.015117765404284,
    0.014089984819293022,
    0.013612210750579834,
    0.013315461575984955,
    0.013103025034070015,
    0.012524434365332127,
    0.012489856220781803,
    0.011745651252567768,
    0.011787761934101582,
    0.011536707170307636,
    0.011912000365555286,
    0.011298878118395805,
    0.011219682171940804,
    0.011280016042292118,
    0.01074798870831728,
    0.010890713892877102,
    0.010565073229372501,
    0.010906906798481941,
    0.010369569063186646,
    0.010360602289438248,
    0.010232171043753624,
    0.010376974008977413,
    0.010304458439350128,
    0.010009348392486572,
    0.010279403999447823,
    0.010169290006160736,
    0.01006425078958273,
    0.009866288863122463,
    0.009944782592356205,
    0.009883666411042213,
    0.010145803913474083,
    0.010159834288060665
  ]
}