{
  "epoch": [
    1,
    2,
    3,
    4,
    5,
    6,
    7,
    8,
    9,
    10,
    11,
    12,
    13,
    14,
    15,
    16,
    17,
    18,
    19,
    20,
    21,
    22,
    23,
    24,
    25,
    26,
    27
  ],
  "train_loss": [
    0.10851743817329407,
    0.07783260941505432,
    0.07274576276540756,
    0.07179594039916992,
    0.0711715891957283,
    0.07082768529653549,
    0.07056549191474915,
    0.07032224535942078,
    0.0701507180929184,
    0.06996850669384003,
    0.06975620985031128,
    0.06955502182245255,
    0.06938042491674423,
    0.06924370676279068,
    0.06912092864513397,
    0.06899804621934891,
    0.06889589130878448,
    0.06879182904958725,
    0.06869843602180481,
    0.06859539449214935,
    0.06848709285259247,
    0.06841199845075607,
    0.0683283805847168,
    0.06827231496572495,
    0.06818241626024246,
    0.06812182068824768,
    0.06804662197828293
  ],
  "test_loss": [
    0.08386682718992233,
    0.0738907977938652,
    0.07244893163442612,
    0.071784108877182,
    0.07139836996793747,
    0.07110466808080673,
    0.07072215527296066,
    0.07055032253265381,
    0.07049398124217987,
    0.07036891579627991,
    0.07016446441411972,
    0.06989813596010208,
    0.06982570141553879,
    0.06971326470375061,
    0.0696023553609848,
    0.06943320482969284,
    0.06928109377622604,
    0.06916553527116776,
    0.0693398267030716,
    0.06907941401004791,
    0.06894410401582718,
    0.06900787353515625,
    0.0687800943851471,
    0.06882482022047043,
    0.06858758628368378,
    0.06867281347513199,
    0.06867577135562897
  ]
}