{
  "epoch": [
    1,
    2,
    3,
    4,
    5,
    6,
    7,
    8,
    9,
    10,
    11,
    12,
    13,
    14,
    15,
    16,
    17,
    18,
    19,
    20,
    21,
    22,
    23,
    24,
    25,
    26,
    27,
    28,
    29,
    30,
    31,
    32,
    33,
    34,
    35,
    36,
    37,
    38,
    39,
    40,
    41,
    42,
    43,
    44,
    45,
    46,
    47,
    48,
    49,
    50,
    51,
    52,
    53,
    54,
    55,
    56,
    57,
    58,
    59
  ],
  "train_loss": [
    0.36515939235687256,
    0.36269959807395935,
    0.3627012073993683,
    0.36269623041152954,
    0.36269909143447876,
    0.3627120852470398,
    0.3627106249332428,
    0.36271271109580994,
    0.3626993000507355,
    0.3627294600009918,
    0.3626936674118042,
    0.36270570755004883,
    0.36271312832832336,
    0.3627118468284607,
    0.36270567774772644,
    0.36271122097969055,
    0.36269813776016235,
    0.3627035319805145,
    0.3627076745033264,
    0.36270880699157715,
    0.36269688606262207,
    0.3626940846443176,
    0.3627050518989563,
    0.36271044611930847,
    0.3627365231513977,
    0.3627011179924011,
    0.3626915514469147,
    0.3627040982246399,
    0.36270278692245483,
    0.3627021908760071,
    0.36270973086357117,
    0.3627150356769562,
    0.3626984655857086,
    0.36269134283065796,
    0.36270245909690857,
    0.362704336643219,
    0.3627215623855591,
    0.36271774768829346,
    0.36271196603775024,
    0.36271652579307556,
    0.3627202808856964,
    0.3627023696899414,
    0.36270764470100403,
    0.36268505454063416,
    0.36269906163215637,
    0.3626956343650818,
    0.36269518733024597,
    0.3627093732357025,
    0.36269375681877136,
    0.36272135376930237,
    0.36268293857574463,
    0.36270350217819214,
    0.36270296573638916,
    0.36270859837532043,
    0.36270639300346375,
    0.3626907765865326,
    0.36270132660865784,
    0.3626953363418579,
    0.36270037293434143
  ],
  "test_loss": [
    0.36509719491004944,
    0.36509719491004944,
    0.36509719491004944,
    0.36509719491004944,
    0.36509719491004944,
    0.36509719491004944,
    0.36509719491004944,
    0.36509719491004944,
    0.36509719491004944,
    0.36509719491004944,
    0.36509719491004944,
    0.36509719491004944,
    0.36509719491004944,
    0.36509719491004944,
    0.36509719491004944,
    0.36509719491004944,
    0.36509719491004944,
    0.36509719491004944,
    0.36509719491004944,
    0.36509719491004944,
    0.36509719491004944,
    0.36509719491004944,
    0.36509719491004944,
    0.36509719491004944,
    0.36509719491004944,
    0.36509719491004944,
    0.36509719491004944,
    0.36509719491004944,
    0.36509719491004944,
    0.36509719491004944,
    0.36509719491004944,
    0.36509719491004944,
    0.36509719491004944,
    0.36509719491004944,
    0.36509719491004944,
    0.36509719491004944,
    0.36509719491004944,
    0.36509719491004944,
    0.36509719491004944,
    0.36509719491004944,
    0.36509719491004944,
    0.36509719491004944,
    0.36509719491004944,
    0.36509719491004944,
    0.36509719491004944,
    0.36509719491004944,
    0.36509719491004944,
    0.36509719491004944,
    0.36509719491004944,
    0.36509719491004944,
    0.36509719491004944,
    0.36509719491004944,
    0.36509719491004944,
    0.36509719491004944,
    0.36509719491004944,
    0.36509719491004944,
    0.36509719491004944,
    0.36509719491004944,
    0.36509719491004944
  ]
}