{
  "epoch": [
    1,
    2,
    3,
    4,
    5,
    6,
    7,
    8,
    9,
    10,
    11,
    12,
    13,
    14,
    15,
    16,
    17,
    18,
    19,
    20,
    21,
    22,
    23,
    24,
    25,
    26,
    27,
    28,
    29,
    30,
    31,
    32,
    33,
    34,
    35,
    36,
    37,
    38,
    39,
    40,
    41,
    42,
    43,
    44,
    45,
    46,
    47,
    48,
    49,
    50,
    51,
    52,
    53,
    54,
    55,
    56,
    57,
    58,
    59,
    60,
    61,
    62,
    63,
    64,
    65,
    66,
    67,
    68,
    69,
    70,
    71,
    72,
    73,
    74,
    75,
    76,
    77,
    78,
    79,
    80,
    81,
    82,
    83,
    84,
    85,
    86,
    87,
    88,
    89,
    90,
    91,
    92,
    93,
    94,
    95,
    96,
    97,
    98,
    99,
    100
  ],
  "train_loss": [
    0.454419881105423,
    0.4601729214191437,
    0.4601844549179077,
    0.46018561720848083,
    0.4601602554321289,
    0.460178405046463,
    0.46019649505615234,
    0.4601759910583496,
    0.46016740798950195,
    0.4602007269859314,
    0.46017250418663025,
    0.4601868689060211,
    0.46016356348991394,
    0.4601938724517822,
    0.46018490195274353,
    0.46018096804618835,
    0.4601937532424927,
    0.4601753354072571,
    0.4601815640926361,
    0.46016886830329895,
    0.4601878225803375,
    0.46016576886177063,
    0.46019068360328674,
    0.46018174290657043,
    0.46019938588142395,
    0.46018338203430176,
    0.46019747853279114,
    0.460182785987854,
    0.4601907730102539,
    0.460172176361084,
    0.4601794481277466,
    0.4601694941520691,
    0.4601611793041229,
    0.4602053165435791,
    0.46016910672187805,
    0.46019089221954346,
    0.4601929187774658,
    0.46018853783607483,
    0.46017658710479736,
    0.4601805806159973,
    0.4601765275001526,
    0.4601905941963196,
    0.4601784944534302,
    0.46017929911613464,
    0.4601820707321167,
    0.4601760506629944,
    0.4601936936378479,
    0.4601920545101166,
    0.4601684510707855,
    0.4602000117301941,
    0.4601857662200928,
    0.46016520261764526,
    0.46018388867378235,
    0.46020302176475525,
    0.4601750671863556,
    0.4601914882659912,
    0.46016520261764526,
    0.4601772427558899,
    0.4601908326148987,
    0.4601706564426422,
    0.4601828157901764,
    0.46018773317337036,
    0.46019336581230164,
    0.4601963460445404,
    0.46016305685043335,
    0.46017447113990784,
    0.46017733216285706,
    0.46017441153526306,
    0.4601953625679016,
    0.46017715334892273,
    0.4601934552192688,
    0.46018269658088684,
    0.46018946170806885,
    0.46016818284988403,
    0.4601908028125763,
    0.4601920545101166,
    0.4601718783378601,
    0.4601981043815613,
    0.46017125248908997,
    0.4601851999759674,
    0.46018868684768677,
    0.46019983291625977,
    0.46020546555519104,
    0.46020883321762085,
    0.4601725935935974,
    0.4601775109767914,
    0.4601890742778778,
    0.4601864218711853,
    0.46018722653388977,
    0.4601975083351135,
    0.46019890904426575,
    0.46018484234809875,
    0.4601629674434662,
    0.46018171310424805,
    0.4601706266403198,
    0.46018171310424805,
    0.4601691961288452,
    0.4601808786392212,
    0.4601757824420929,
    0.4601566791534424
  ],
  "test_loss": [
    0.4656235873699188,
    0.4656235873699188,
    0.4656235873699188,
    0.4656235873699188,
    0.4656235873699188,
    0.4656235873699188,
    0.4656235873699188,
    0.4656235873699188,
    0.4656235873699188,
    0.4656235873699188,
    0.4656235873699188,
    0.4656235873699188,
    0.4656235873699188,
    0.4656235873699188,
    0.4656235873699188,
    0.4656235873699188,
    0.4656235873699188,
    0.4656235873699188,
    0.4656235873699188,
    0.4656235873699188,
    0.4656235873699188,
    0.4656235873699188,
    0.4656235873699188,
    0.4656235873699188,
    0.4656235873699188,
    0.4656235873699188,
    0.4656235873699188,
    0.4656235873699188,
    0.4656235873699188,
    0.4656235873699188,
    0.4656235873699188,
    0.4656235873699188,
    0.4656235873699188,
    0.4656235873699188,
    0.4656235873699188,
    0.4656235873699188,
    0.4656235873699188,
    0.4656235873699188,
    0.4656235873699188,
    0.4656235873699188,
    0.4656235873699188,
    0.4656235873699188,
    0.4656235873699188,
    0.4656235873699188,
    0.4656235873699188,
    0.4656235873699188,
    0.4656235873699188,
    0.4656235873699188,
    0.4656235873699188,
    0.4656235873699188,
    0.4656235873699188,
    0.4656235873699188,
    0.4656235873699188,
    0.4656235873699188,
    0.4656235873699188,
    0.4656235873699188,
    0.4656235873699188,
    0.4656235873699188,
    0.4656235873699188,
    0.4656235873699188,
    0.4656235873699188,
    0.4656235873699188,
    0.4656235873699188,
    0.4656235873699188,
    0.4656235873699188,
    0.4656235873699188,
    0.4656235873699188,
    0.4656235873699188,
    0.4656235873699188,
    0.4656235873699188,
    0.4656235873699188,
    0.4656235873699188,
    0.4656235873699188,
    0.4656235873699188,
    0.4656235873699188,
    0.4656235873699188,
    0.4656235873699188,
    0.4656235873699188,
    0.4656235873699188,
    0.4656235873699188,
    0.4656235873699188,
    0.4656235873699188,
    0.4656235873699188,
    0.4656235873699188,
    0.4656235873699188,
    0.4656235873699188,
    0.4656235873699188,
    0.4656235873699188,
    0.4656235873699188,
    0.4656235873699188,
    0.4656235873699188,
    0.4656235873699188,
    0.4656235873699188,
    0.4656235873699188,
    0.4656235873699188,
    0.4656235873699188,
    0.4656235873699188,
    0.4656235873699188,
    0.4656235873699188,
    0.4656235873699188
  ]
}