{
  "epoch": [
    1,
    2,
    3,
    4,
    5,
    6,
    7,
    8,
    9,
    10,
    11,
    12,
    13,
    14,
    15,
    16,
    17,
    18,
    19,
    20,
    21,
    22,
    23,
    24,
    25,
    26,
    27,
    28,
    29,
    30,
    31,
    32,
    33,
    34,
    35,
    36,
    37
  ],
  "train_loss": [
    0.07859503477811813,
    0.04063444957137108,
    0.03258036449551582,
    0.02742239460349083,
    0.024461399763822556,
    0.022384004667401314,
    0.02083323709666729,
    0.01951952837407589,
    0.018278896808624268,
    0.017240000888705254,
    0.016468720510601997,
    0.015839561820030212,
    0.015236364677548409,
    0.014623656868934631,
    0.014139529317617416,
    0.013714443892240524,
    0.013369748368859291,
    0.012963985092937946,
    0.012647288851439953,
    0.012362563982605934,
    0.012074768543243408,
    0.011826759204268456,
    0.011628254316747189,
    0.011440169997513294,
    0.011191515251994133,
    0.011007016524672508,
    0.010811054147779942,
    0.010671300813555717,
    0.010523941367864609,
    0.010379504412412643,
    0.010280368849635124,
    0.010186400264501572,
    0.010092267766594887,
    0.010029598139226437,
    0.009946303442120552,
    0.009921378456056118,
    0.009828112088143826
  ],
  "test_loss": [
    0.04775235056877136,
    0.03593486547470093,
    0.029306156560778618,
    0.026283951476216316,
    0.023434191942214966,
    0.02217165008187294,
    0.020558923482894897,
    0.018918044865131378,
    0.01796278916299343,
    0.017039872705936432,
    0.01659712754189968,
    0.016326628625392914,
    0.015101375058293343,
    0.014558780007064342,
    0.014145679771900177,
    0.013943547382950783,
    0.013410777784883976,
    0.013383819721639156,
    0.012839305214583874,
    0.012381497770547867,
    0.012736678123474121,
    0.012036154977977276,
    0.012234107591211796,
    0.011797517538070679,
    0.011527813039720058,
    0.011079519055783749,
    0.011158603243529797,
    0.01099142711609602,
    0.01057761162519455,
    0.010410274378955364,
    0.010560929775238037,
    0.010419081896543503,
    0.010289781726896763,
    0.010245968587696552,
    0.010156352072954178,
    0.01036815159022808,
    0.010369875468313694
  ]
}