{
  "epoch": [
    1,
    2,
    3,
    4,
    5,
    6,
    7,
    8,
    9,
    10,
    11,
    12,
    13,
    14,
    15,
    16,
    17,
    18,
    19,
    20,
    21,
    22,
    23,
    24,
    25,
    26,
    27,
    28,
    29,
    30,
    31,
    32,
    33
  ],
  "train_loss": [
    0.07866411656141281,
    0.0397358275949955,
    0.03141845762729645,
    0.027104660868644714,
    0.02431013435125351,
    0.022281212732195854,
    0.020690273493528366,
    0.019273070618510246,
    0.018031783401966095,
    0.017033306881785393,
    0.01619289256632328,
    0.01548269297927618,
    0.014814542606472969,
    0.014292413368821144,
    0.013794452883303165,
    0.013375340960919857,
    0.012907969765365124,
    0.012611634097993374,
    0.01223605964332819,
    0.01197316125035286,
    0.011702636256814003,
    0.011478965170681477,
    0.0112702501937747,
    0.011097509413957596,
    0.010907094925642014,
    0.010705554857850075,
    0.010551782324910164,
    0.010422305203974247,
    0.010339840315282345,
    0.010207880288362503,
    0.010163986124098301,
    0.010029904544353485,
    0.009975452907383442
  ],
  "test_loss": [
    0.04604436829686165,
    0.03493684157729149,
    0.028810452669858932,
    0.02590540237724781,
    0.023123186081647873,
    0.021594174206256866,
    0.020394666120409966,
    0.01870797760784626,
    0.017928816378116608,
    0.016977088525891304,
    0.0163959339261055,
    0.015260320156812668,
    0.014786171726882458,
    0.014757891185581684,
    0.01409697812050581,
    0.01362249068915844,
    0.013010035268962383,
    0.012772848829627037,
    0.01305837370455265,
    0.012506576254963875,
    0.012319336645305157,
    0.01155149843543768,
    0.011592197231948376,
    0.011518117971718311,
    0.011272132396697998,
    0.010966122150421143,
    0.010682839900255203,
    0.010593950748443604,
    0.010600103996694088,
    0.010596384294331074,
    0.010307548567652702,
    0.01040059607475996,
    0.010404817759990692
  ]
}